featname;eeg/phy;what;channels;waveband;pearson_r;lr coef;l1 coef;l2 coef;svm coef;rf importances;
avg GSR;phy;AVG;n/a;n/a;0.108012704548;0.0170256550491;0.0365735481189;0.0170073254579;0.301056952249;0.00399447371861;
std GSR;phy;STD;n/a;n/a;0.0307600274946;0.00150063228062;0.00248700659363;0.00165571804742;0.135101193328;0.00278476389598;
avg Respiration belt;phy;AVG;n/a;n/a;0.0182609863884;0.00037880094629;0.00856066674535;0.000422925873358;0.186161209324;0.00327321132985;
std Respiration belt;phy;STD;n/a;n/a;0.0290722021684;0.00465937979903;0.00060348789219;0.00467827116907;0.235074506607;0.00294125539697;
avg Plethysmograph;phy;AVG;n/a;n/a;0.0250000446195;0.00309864554734;0.00185636635132;0.00311131529624;0.289853361435;0.00337734887503;
std Plethysmograph;phy;STD;n/a;n/a;0.00505959320555;0.0013384741766;0.00236189803469;0.00153666712018;0.174274671577;0.00250537960506;
avg Temperature;phy;AVG;n/a;n/a;0.0316407564899;0.0035007882665;0.00362151984265;0.00345835870112;0.216235823227;0.00233439178065;
std Temperature;phy;STD;n/a;n/a;0.0323132273834;0.00141953284101;0.00421247584405;0.00148123121608;0.202337134992;0.00227667045887;
avg HR;phy;AVG HR;n/a;n/a;0.00151254235622;0.000746404701507;0.00543775007557;0.000739339065732;0.16673663906;0.00223287623953;
std HR;phy;STD HR;n/a;n/a;0.00534421226304;0.00296053867178;0.00103275054351;0.0030087982904;0.156056645759;0.00257859051854;
A/B Fp1;eeg;AB;Fp1;alpha & beta;0.0544418058371;0.000936946649043;0.00445424138972;0.00105256525961;0.050165074507;0.00203062046719;
DE Fp1(gamma);eeg;DE;Fp1;gamma;0.0549932220105;0.000812409664377;0.0;0.000889521763128;0.00925074249721;0.000981809972971;
PSD Fp1(gamma);eeg;PSD;Fp1;gamma;0.0578366457548;0.00149739315927;0.0;0.00152168397649;0.0085099923571;0.000958921810459;
DE Fp1(theta);eeg;DE;Fp1;theta;0.0549932220105;0.000899747512053;0.0;0.000889521763128;0.00925074249721;0.00108955341987;
PSD Fp1(theta);eeg;PSD;Fp1;theta;0.0838568592945;0.00172138852065;0.000334666204158;0.00176725477398;0.011567397098;0.00155697783669;
DE Fp1(alpha);eeg;DE;Fp1;alpha;0.0806067243245;0.00117563560338;0.00363101647019;0.00112752433007;0.0103975738774;0.00146361075911;
PSD Fp1(alpha);eeg;PSD;Fp1;alpha;0.0319158748694;0.00582292133595;0.00423443774711;0.00582040067849;0.107418551844;0.00164912502885;
DE Fp1(beta);eeg;DE;Fp1;beta;0.0158180496718;0.00334013797639;0.00104201753948;0.00334825282804;0.188551941953;0.00162429925169;
PSD Fp1(beta);eeg;PSD;Fp1;beta;0.0637847831084;0.00139418487352;0.0;0.00139368173012;0.00734359922564;0.00108943013004;
DE Fp1(delta);eeg;DE;Fp1;delta;0.0615001296269;0.000745065953627;0.0;0.000721074425138;0.00755561509188;0.00107095676005;
PSD Fp1(delta);eeg;PSD;Fp1;delta;0.0580400901022;0.000456786951859;0.0010019923774;0.000412133902144;0.0240692228169;0.00150721545189;
A/B AF3;eeg;AB;AF3;alpha & beta;0.0578028890361;0.00106814880961;0.00252294830277;0.00101691065435;0.0570366827275;0.0014019455974;
DE AF3(gamma);eeg;DE;AF3;gamma;0.0491151662636;0.00102365075454;0.0;0.00107453920721;0.018549517529;0.00167749577255;
PSD AF3(gamma);eeg;PSD;AF3;gamma;0.0705299103394;0.00192887040208;0.0;0.00196354316844;0.0107271708344;0.000829932294319;
DE AF3(theta);eeg;DE;AF3;theta;0.0774134832231;0.000952015114333;0.0;0.000988931925767;0.0143585999773;0.000855642549129;
PSD AF3(theta);eeg;PSD;AF3;theta;0.0705299103394;0.00190086616321;0.0;0.00196354316844;0.0107271708344;0.000832787358338;
DE AF3(alpha);eeg;DE;AF3;alpha;0.103902035795;0.000178990590136;0.0;0.000174356084888;0.0047760485314;0.00126768168824;
PSD AF3(alpha);eeg;PSD;AF3;alpha;0.0984159741337;0.000492312615362;0.0;0.000515326330069;0.00580693243774;0.00133995524999;
DE AF3(beta);eeg;DE;AF3;beta;0.0154303617791;0.00147565914197;0.000185367383447;0.00149793756748;0.103046778596;0.00204477652768;
PSD AF3(beta);eeg;PSD;AF3;beta;0.00482102525131;0.00557119850976;0.0017288218788;0.00553568902719;0.106614201098;0.00222433466328;
DE AF3(delta);eeg;DE;AF3;delta;0.0867234634027;0.000208802928054;0.0;0.000186999472778;0.00513887660983;0.000841670136634;
PSD AF3(delta);eeg;PSD;AF3;delta;0.0802290903114;0.00121383080209;0.0;0.00118007876323;0.00409422024264;0.000975186963692;
A/B F3;eeg;AB;F3;alpha & beta;0.0701104904792;0.00557154301785;0.00708560553803;0.00548452601141;0.0841778192374;0.00158543197997;
DE F3(gamma);eeg;DE;F3;gamma;0.0901965266909;0.000464342530404;0.000643771786023;0.000493789827856;0.0182493790825;0.00155865912541;
PSD F3(gamma);eeg;PSD;F3;gamma;0.0249613515552;0.0011359066302;0.00015525901668;0.00113537987132;0.0294890966307;0.00178047430883;
DE F3(theta);eeg;DE;F3;theta;0.0926154155117;0.000611015116345;0.0;0.000618761469712;0.0053897928607;0.00166728667198;
PSD F3(theta);eeg;PSD;F3;theta;0.0993808149853;0.00127364747222;0.0;0.00126430857477;0.00478310139504;0.00163533503862;
DE F3(alpha);eeg;DE;F3;alpha;0.0926154155117;0.000646563722952;0.0;0.000618761469712;0.0053897928607;0.00171619608069;
PSD F3(alpha);eeg;PSD;F3;alpha;0.115154908009;0.00163152846904;0.00250939908439;0.00163954562564;0.0121642595148;0.00180765675975;
DE F3(beta);eeg;DE;F3;beta;0.109041267208;0.000342353043107;0.00127284414232;0.000360967109784;0.0119948104454;0.00173795342259;
PSD F3(beta);eeg;PSD;F3;beta;0.0549098315511;0.00406368202942;0.00301694585703;0.00407153349088;0.0985039484658;0.00250157794783;
DE F3(delta);eeg;DE;F3;delta;0.0646631731053;0.00711075042331;0.00595263348184;0.00710763555178;0.0766702684186;0.00233861442995;
PSD F3(delta);eeg;PSD;F3;delta;0.104231523565;0.000772791729985;0.0;0.000779118803563;0.00429851159094;0.00122517322511;
A/B F7;eeg;AB;F7;alpha & beta;0.0975097679449;0.0010246848177;0.0;0.0010277405817;0.00523966224873;0.00114475190253;
DE F7(gamma);eeg;DE;F7;gamma;0.104351311819;0.00140040794952;0.00193256634737;0.00142141276151;0.0259995081644;0.00222378716653;
PSD F7(gamma);eeg;PSD;F7;gamma;0.0784788561683;0.00128860726638;0.000349014131481;0.00129506256966;0.0425153971116;0.00215875183141;
DE F7(theta);eeg;DE;F7;theta;0.067257163164;0.00188593031074;0.00633165987961;0.0018606753475;0.0579343150877;0.00225471227066;
PSD F7(theta);eeg;PSD;F7;theta;0.0374166691727;0.00017113384721;0.0;0.000167475645269;0.0105568261816;0.000865701735962;
DE F7(alpha);eeg;DE;F7;alpha;0.0400281076154;0.000220978531434;0.0;0.000227168765452;0.00943785632;0.000828169941564;
PSD F7(alpha);eeg;PSD;F7;alpha;0.0374166691727;0.00017113384721;0.0;0.000167475645269;0.0105568261816;0.000921504751513;
DE F7(beta);eeg;DE;F7;beta;0.0633750999283;0.000336134584138;0.0;0.000345962996009;0.00606441000743;0.000826557276232;
PSD F7(beta);eeg;PSD;F7;beta;0.0590801312941;0.000715185680593;0.0;0.000716417453265;0.00579007500377;0.000894163533587;
DE F7(delta);eeg;DE;F7;delta;0.00991350227101;0.00197308541488;0.00133847207223;0.00196203375257;0.0230628347888;0.0015769647176;
PSD F7(delta);eeg;PSD;F7;delta;0.016002530789;0.00149386564539;0.00637600350531;0.00148593701286;0.0997240096875;0.00133969159584;
A/B FC5;eeg;AB;FC5;alpha & beta;0.0497398152985;3.9465554898e-05;0.0;3.78977507029e-05;0.00344907582667;0.000801222975912;
DE FC5(gamma);eeg;DE;FC5;gamma;0.0469228099941;0.000350482544178;0.0;0.00035130127466;0.00357989872577;0.000827091687846;
PSD FC5(gamma);eeg;PSD;FC5;gamma;0.067304049957;0.000633857680963;0.00108158415581;0.00061695234827;0.0285091946941;0.00137842638417;
DE FC5(theta);eeg;DE;FC5;theta;0.0565746807851;0.00131134119314;0.00069750648311;0.00131547000531;0.0208292236663;0.00149011912419;
PSD FC5(theta);eeg;PSD;FC5;theta;0.0428695068984;9.17168008355e-05;0.000493708634487;8.24901290616e-05;0.0282750199721;0.00219072128839;
DE FC5(alpha);eeg;DE;FC5;alpha;0.0277759768722;0.000354398258372;0.0;0.000356871482353;0.00868654095264;0.0010007833102;
PSD FC5(alpha);eeg;PSD;FC5;alpha;0.0319958090309;0.000124194308611;0.0;0.000126338886741;0.00775840119642;0.00104630613746;
DE FC5(beta);eeg;DE;FC5;beta;0.0277759768722;0.000354398258372;0.0;0.000356871482353;0.00868654095264;0.00108267390082;
PSD FC5(beta);eeg;PSD;FC5;beta;0.0454864019162;0.000111272701731;0.0;0.000114080150563;0.00698016770688;0.000980168491109;
DE FC5(delta);eeg;DE;FC5;delta;0.0448969037384;0.000306716329284;0.0;0.000320594789754;0.00873069556391;0.000911993957849;
PSD FC5(delta);eeg;PSD;FC5;delta;0.00729694287495;0.00248437760077;0.00195926783185;0.00251220718836;0.077027516873;0.00146507509982;
A/B FC1;eeg;AB;FC1;alpha & beta;0.0315330813976;0.00454956890778;0.00456654916868;0.0045400404736;0.0840773987523;0.00149761757982;
DE FC1(gamma);eeg;DE;FC1;gamma;0.038012958456;1.36690288133e-06;0.0;2.05639238135e-07;0.00443218601113;0.000840617897662;
PSD FC1(gamma);eeg;PSD;FC1;gamma;0.0346130199532;0.000326221931404;0.0;0.000312597138049;0.00449226163675;0.000768840642772;
DE FC1(theta);eeg;DE;FC1;theta;0.0574303499842;0.000883796980197;0.00684956629501;0.000876014110843;0.0447436075127;0.0013380903928;
PSD FC1(theta);eeg;PSD;FC1;theta;0.0340593462328;0.000834893038541;0.00203545957713;0.000824194390608;0.0467126597413;0.00121580835651;
DE FC1(alpha);eeg;DE;FC1;alpha;0.0216291614374;0.000571861087862;0.000150428620642;0.000576958572246;0.0495674788494;0.00200143056022;
PSD FC1(alpha);eeg;PSD;FC1;alpha;0.0503174920931;0.00011022473596;0.0;0.000109236505165;0.00648125397768;0.000937864268333;
DE FC1(beta);eeg;DE;FC1;beta;0.0548930163546;0.000618091000373;0.0;0.000619512475161;0.00555953118431;0.00107013477922;
PSD FC1(beta);eeg;PSD;FC1;beta;0.0503174920931;0.00011022473596;0.0;0.000109236505165;0.00648125397768;0.000978381873504;
DE FC1(delta);eeg;DE;FC1;delta;0.0778052949899;0.000997850490764;0.0;0.000990063022861;0.00624698305477;0.00113939265914;
PSD FC1(delta);eeg;PSD;FC1;delta;0.074127828886;0.000776956141314;0.0;0.000773779064351;0.00735162764119;0.00119199468977;
A/B C3;eeg;AB;C3;alpha & beta;0.0153528244037;0.00138506484645;0.00233088703734;0.00138440541458;0.0675444364939;0.00171169910982;
DE C3(gamma);eeg;DE;C3;gamma;0.0119431619046;0.00224739243856;0.00114187733312;0.00223945035812;0.133221820999;0.0018437813096;
PSD C3(gamma);eeg;PSD;C3;gamma;0.0631890000258;0.000474171863542;0.0;0.000484772135708;0.00391815052846;0.000957653180667;
DE C3(theta);eeg;DE;C3;theta;0.059681171436;0.000162487875253;0.0;0.000153802290797;0.0043890231447;0.000944781570504;
PSD C3(theta);eeg;PSD;C3;theta;0.0521468041535;0.000103394086182;0.0015872790074;0.000113212277252;0.0397222862853;0.00128972661415;
DE C3(alpha);eeg;DE;C3;alpha;0.0657377750212;0.000190977419006;0.00477457723986;0.000192455134384;0.0403384918524;0.00135109031479;
PSD C3(alpha);eeg;PSD;C3;alpha;0.0534123432415;0.00157643551106;0.0;0.00159365378331;0.0161101411454;0.00212906127327;
DE C3(beta);eeg;DE;C3;beta;0.0293365620098;0.000624684651083;0.0;0.000613958915988;0.00524973189747;0.000952376255851;
PSD C3(beta);eeg;PSD;C3;beta;0.0300267178916;0.000440289739762;0.0;0.000455013529524;0.00677284337742;0.000989222417995;
DE C3(delta);eeg;DE;C3;delta;0.0293365620098;0.000624684651083;0.0;0.000613958915988;0.00524973189747;0.000987960839365;
PSD C3(delta);eeg;PSD;C3;delta;0.0482183247823;6.72120161909e-05;0.0;6.63302575391e-05;0.0061847055952;0.00111988745904;
A/B T7;eeg;AB;T7;alpha & beta;0.048481645521;0.000182625754909;0.0;0.000177642622384;0.00520001916567;0.000944596446593;
DE T7(gamma);eeg;DE;T7;gamma;0.0179396421545;0.00399688787912;0.00289767569993;0.00399185061155;0.0955507788319;0.00164836761789;
PSD T7(gamma);eeg;PSD;T7;gamma;0.00963343444082;0.00210588301157;0.00359093741803;0.00211172394814;0.154760965373;0.00161731288982;
DE T7(theta);eeg;DE;T7;theta;0.0372601849798;0.000264892138343;0.0;0.000267539260827;0.00583626506716;0.000876858221272;
PSD T7(theta);eeg;PSD;T7;theta;0.0371087505614;0.00027588101018;0.0;0.000286050874717;0.00334875727305;0.00089677777496;
DE T7(alpha);eeg;DE;T7;alpha;0.0621448447153;0.00057150582031;0.000313142364933;0.000555045580368;0.0372027363223;0.00139757447226;
PSD T7(alpha);eeg;PSD;T7;alpha;0.0480142066848;0.000952753829367;0.00473493173622;0.000956696487057;0.0634080356557;0.00143377114548;
DE T7(beta);eeg;DE;T7;beta;0.0548043079534;0.00272297049689;0.00111072946176;0.00272879858994;0.0394418237986;0.0022131302159;
PSD T7(beta);eeg;PSD;T7;beta;0.0241158786339;0.00135558600296;0.0;0.00135754046156;0.0049613056777;0.000958923224367;
DE T7(delta);eeg;DE;T7;delta;0.0307448995745;0.00027398826524;0.0;0.000285605649235;0.00546774569442;0.000907339078791;
PSD T7(delta);eeg;PSD;T7;delta;0.0241158786339;0.00135558600296;0.0;0.00135754046156;0.0049613056777;0.000936363900709;
A/B CP5;eeg;AB;CP5;alpha & beta;0.0503703158346;0.000650956930695;0.00163521644102;0.000651452838154;0.00656501795268;0.00113871723586;
DE CP5(gamma);eeg;DE;CP5;gamma;0.045915017523;0.000291896622443;0.0;0.000291611133163;0.00607603409457;0.00105728690666;
PSD CP5(gamma);eeg;PSD;CP5;gamma;0.0064698960943;0.0043290144827;0.00677870194237;0.00434599548333;0.108817344632;0.00211906089057;
DE CP5(theta);eeg;DE;CP5;theta;0.0192671263754;0.00408332076583;0.00146661279475;0.0040699222563;0.107899584077;0.00197571077538;
PSD CP5(theta);eeg;PSD;CP5;theta;0.0359866808368;5.61557153829e-05;0.0;4.67791428287e-05;0.00350632514756;0.000881769276855;
DE CP5(alpha);eeg;DE;CP5;alpha;0.0305793478996;0.000704112021721;0.0;0.000699720183482;0.0035218422874;0.000855468400786;
PSD CP5(alpha);eeg;PSD;CP5;alpha;0.0142910849497;0.000879437628678;0.000962504348384;0.000879334453458;0.0181820149081;0.00125003305766;
DE CP5(beta);eeg;DE;CP5;beta;0.00518722648257;0.000506202290486;0.00142684669181;0.000517019982094;0.0396766143889;0.0012483450905;
PSD CP5(beta);eeg;PSD;CP5;beta;0.0357708904469;0.00137361141679;0.00456279175393;0.00137651858735;0.0361967371083;0.0017908784766;
DE CP5(delta);eeg;DE;CP5;delta;0.0324799675425;0.000246144268626;0.0;0.000243961393349;0.00581325645102;0.000998020517157;
PSD CP5(delta);eeg;PSD;CP5;delta;0.037253206978;0.000495786779959;0.0;0.000485352368828;0.0039658035536;0.000967761598237;
A/B CP1;eeg;AB;CP1;alpha & beta;0.0324799675425;0.000246144268626;0.0;0.000243961393349;0.00581325645102;0.000970845993547;
DE CP1(gamma);eeg;DE;CP1;gamma;0.0558072574958;0.000460277644774;0.00179395272315;0.000461003702978;0.00498609638977;0.00109649236683;
PSD CP1(gamma);eeg;PSD;CP1;gamma;0.0535910424247;0.000295672832633;0.0;0.000305426327482;0.00564591667107;0.00113788138501;
DE CP1(theta);eeg;DE;CP1;theta;0.0522552964535;0.00591809873994;0.0093833190551;0.00592209353592;0.0607664017418;0.00177352342516;
PSD CP1(theta);eeg;PSD;CP1;theta;0.0286525198863;0.00185239502178;0.000231829811615;0.00186767137249;0.0745517445237;0.00167489830639;
DE CP1(alpha);eeg;DE;CP1;alpha;0.0416191517788;0.000139010099431;0.0;0.000128587744098;0.0021904733804;0.000926299297244;
PSD CP1(alpha);eeg;PSD;CP1;alpha;0.038310841179;0.000380779230306;0.0;0.000385222436539;0.00473712413811;0.000869041349887;
DE CP1(beta);eeg;DE;CP1;beta;0.0243230778814;0.0011094595949;0.00505188126714;0.00111562107594;0.0498314756745;0.00155427680978;
PSD CP1(beta);eeg;PSD;CP1;beta;0.0330953245157;0.00124358400578;0.00613166198808;0.00125050842327;0.0843301803078;0.00158797670865;
DE CP1(delta);eeg;DE;CP1;delta;0.0477283407465;0.00315881484528;0.00075016382486;0.00315523836632;0.0383935156671;0.00244086645305;
PSD CP1(delta);eeg;PSD;CP1;delta;0.0102362514581;6.05174966269e-05;0.0;6.2710452875e-05;0.00540578335222;0.000822284003276;
A/B P3;eeg;AB;P3;alpha & beta;0.0151107236262;0.00169391702921;0.0;0.00169782289182;0.00543739242327;0.000796258187314;
DE P3(gamma);eeg;DE;P3;gamma;0.0102362514581;6.05174966269e-05;0.0;6.2710452875e-05;0.00540578335222;0.000843522607528;
PSD P3(gamma);eeg;PSD;P3;gamma;0.0272425381637;0.000335482900599;0.0;0.000327229617511;0.0112973669743;0.00114128708418;
DE P3(theta);eeg;DE;P3;theta;0.0244270767926;0.00095719813316;0.0;0.000965435824787;0.0136600067599;0.00110638341136;
PSD P3(theta);eeg;PSD;P3;theta;0.0135940983855;0.00157405202652;0.000284572149243;0.00158589126825;0.103478078743;0.00300329814607;
DE P3(alpha);eeg;DE;P3;alpha;0.0233824296159;0.00145747811739;0.00369936715235;0.00145065152757;0.125792663161;0.00300339802431;
PSD P3(alpha);eeg;PSD;P3;alpha;0.0165580843237;0.000533315721752;0.0;0.000542033293287;0.00147751603364;0.000626221159048;
DE P3(beta);eeg;DE;P3;beta;0.0132043149705;0.000660885667451;0.0;0.000654773407865;0.0021411157695;0.000685538524127;
PSD P3(beta);eeg;PSD;P3;beta;0.00703611535535;0.00188494602468;0.0023063544484;0.00188386301321;0.071616961436;0.00138706321033;
DE P3(delta);eeg;DE;P3;delta;0.0206747373468;0.00247609294075;0.00344396091323;0.00247973910289;0.0628547401464;0.0014290392941;
PSD P3(delta);eeg;PSD;P3;delta;0.0259586200838;0.00237571523023;0.00260804283161;0.00237275779993;0.0312419561578;0.00194355905863;
A/B P7;eeg;AB;P7;alpha & beta;0.051431166036;0.000186469596295;0.0;0.000185117341506;0.00438993866907;0.00110935583568;
DE P7(gamma);eeg;DE;P7;gamma;0.0487543568231;0.000173791694763;0.0;0.000161386520655;0.00379525041348;0.00124659206257;
PSD P7(gamma);eeg;PSD;P7;gamma;0.051431166036;0.000186469596295;0.0;0.000185117341506;0.00438993866907;0.0011610087729;
DE P7(theta);eeg;DE;P7;theta;0.0681373230321;0.00125125084315;0.00256330693249;0.00124915425438;0.0102895582099;0.00165157654669;
PSD P7(theta);eeg;PSD;P7;theta;0.0703298879208;0.00118297569361;0.000867074067445;0.0011832873374;0.0100338162167;0.00146599675164;
DE P7(alpha);eeg;DE;P7;alpha;0.0143000767713;0.000270932407038;0.00213919498433;0.000277923088053;0.0556265618424;0.0017962626939;
PSD P7(alpha);eeg;PSD;P7;alpha;0.0466405942876;0.00374299107075;0.0110100291705;0.00372141617737;0.151065421803;0.00180323995139;
DE P7(beta);eeg;DE;P7;beta;0.0478157320862;0.000347645165292;0.0;0.000332108006511;0.00846416938957;0.00108599122707;
PSD P7(beta);eeg;PSD;P7;beta;0.051099537778;0.00041616993059;0.0;0.000420628358942;0.00905497905808;0.0012464628843;
DE P7(delta);eeg;DE;P7;delta;0.0516951794112;0.000877755303281;0.00188259705793;0.000882240376735;0.0450452752428;0.00244430924415;
PSD P7(delta);eeg;PSD;P7;delta;0.0341734592528;0.000462976681449;0.00163537586242;0.000471182805257;0.058264430134;0.00222025006494;
A/B PO3;eeg;AB;PO3;alpha & beta;0.0293297622421;0.00137505425888;0.00033220873831;0.00137626004943;0.0270553882291;0.0020951943617;
DE PO3(gamma);eeg;DE;PO3;gamma;0.0420488788639;0.00020909373741;0.00112213037176;0.000208290633138;0.00918682477265;0.00087146345462;
PSD PO3(gamma);eeg;PSD;PO3;gamma;0.0426171478864;8.66507436618e-05;0.000415135664594;7.51019104724e-05;0.00794594556502;0.000854413508991;
DE PO3(theta);eeg;DE;PO3;theta;0.0420488788639;0.00020909373741;7.5894152074e-18;0.000208290633138;0.00918682477265;0.000806078412637;
PSD PO3(theta);eeg;PSD;PO3;theta;0.0458688170061;0.000380395458801;0.000947743552928;0.000360774190042;0.0122912754217;0.000807703951385;
DE PO3(alpha);eeg;DE;PO3;alpha;0.0466522803588;0.000500288340397;0.0;0.000495982116469;0.0100713413815;0.000837092964022;
PSD PO3(alpha);eeg;PSD;PO3;alpha;0.0449402295195;0.00105849918852;0.000289450463392;0.0010688832822;0.0489480871962;0.00200323692978;
DE PO3(beta);eeg;DE;PO3;beta;0.0323188240634;0.00367278418193;0.00245838274422;0.00367312717696;0.0883353716204;0.00184505077459;
PSD PO3(beta);eeg;PSD;PO3;beta;0.0456896402523;0.000219803170849;0.0;0.0002083707075;0.00551239553778;0.000763716160612;
DE PO3(delta);eeg;DE;PO3;delta;0.0451234217707;1.88994334854e-05;0.0;2.01146841169e-05;0.00491842513689;0.000804451415068;
PSD PO3(delta);eeg;PSD;PO3;delta;0.0579846526535;0.000887487234318;0.00012232414993;0.000882899796596;0.0203069955724;0.00122553426863;
A/B O1;eeg;AB;O1;alpha & beta;0.0740121790285;0.00349119687455;0.00681749709109;0.00348708577698;0.0718482026007;0.00116972157965;
DE O1(gamma);eeg;DE;O1;gamma;0.0470803638402;0.000871482062158;0.00103532884231;0.000871426411721;0.0305709227698;0.00214840402404;
PSD O1(gamma);eeg;PSD;O1;gamma;0.0511162303775;0.000241827161993;0.0;0.000228504005513;0.00640130178898;0.0010266454051;
DE O1(theta);eeg;DE;O1;theta;0.0565795939716;0.000964315899559;0.0;0.000973155874438;0.00701316537719;0.000891251933412;
PSD O1(theta);eeg;PSD;O1;theta;0.0511162303775;0.000241827161993;0.0;0.000228504005513;0.00640130178898;0.0010759761318;
DE O1(alpha);eeg;DE;O1;alpha;0.0748598254362;0.00208058208222;0.00219473527067;0.00208150523988;0.00916281736105;0.00123207780425;
PSD O1(alpha);eeg;PSD;O1;alpha;0.0706545581713;0.00143819224111;0.0;0.00142638069755;0.0094806865273;0.00128946492943;
DE O1(beta);eeg;DE;O1;beta;0.00819850330003;0.00066697239904;0.00349512042851;0.000662616386381;0.0854052330375;0.00183078955235;
PSD O1(beta);eeg;PSD;O1;beta;0.0165532782926;0.000857294569061;0.00014694388845;0.000861078740325;0.125859015566;0.00181738219747;
DE O1(delta);eeg;DE;O1;delta;0.0632904742734;0.00140881126153;0.0;0.0014141409073;0.00457381904852;0.000849619344352;
PSD O1(delta);eeg;PSD;O1;delta;0.0588471827062;0.0009766713594;0.0;0.000979963917318;0.00456045375621;0.000801167111664;
A/B Oz;eeg;AB;Oz;alpha & beta;0.0854831056453;0.00210142155173;0.00152589833079;0.00211271348857;0.043919595557;0.00148249437628;
DE Oz(gamma);eeg;DE;Oz;gamma;0.0859568269307;0.00226195401765;0.00117261794932;0.00225329109992;0.0610546416632;0.0014427176937;
PSD Oz(gamma);eeg;PSD;Oz;gamma;0.0509301903724;0.00487778016909;0.00286224206246;0.0048839099371;0.0573253206749;0.00205146329418;
DE Oz(theta);eeg;DE;Oz;theta;0.0513498183878;0.000137677195157;0.00272198736257;0.000126237936875;0.0059379571104;0.000907413362445;
PSD Oz(theta);eeg;PSD;Oz;theta;0.0585807910535;0.00118852279258;0.00119243610432;0.00119675274459;0.00500244286732;0.000944606231197;
DE Oz(alpha);eeg;DE;Oz;alpha;0.0513498183878;0.000137677195157;0.0;0.000126237936875;0.0059379571104;0.00102002744426;
PSD Oz(alpha);eeg;PSD;Oz;alpha;0.0751726089331;0.00222645875274;0.0;0.00223181925869;0.0164135097798;0.000812214682188;
DE Oz(beta);eeg;DE;Oz;beta;0.0706264635671;0.0019599954093;0.0;0.00194874721034;0.0159518915896;0.000868028635796;
PSD Oz(beta);eeg;PSD;Oz;beta;0.0338808954019;0.0025975823732;0.00357716053141;0.00260221879531;0.0750309899789;0.00180302439145;
DE Oz(delta);eeg;DE;Oz;delta;0.0544147164775;0.00353962602149;0.0016665881858;0.0035287835864;0.116738033796;0.00168914127706;
PSD Oz(delta);eeg;PSD;Oz;delta;0.0611371750534;0.00099698007937;0.0;0.00100010024299;0.0041028617299;0.000817125920975;
A/B Pz;eeg;AB;Pz;alpha & beta;0.0557228891744;0.000224464398804;0.0;0.000223281132648;0.00472608261074;0.000601330354268;
DE Pz(gamma);eeg;DE;Pz;gamma;0.0762193030658;0.00166412697151;0.00127639891602;0.00165591327969;0.0326685883492;0.00123020940409;
PSD Pz(gamma);eeg;PSD;Pz;gamma;0.0694829899962;0.0026480244427;0.00204931009597;0.00265873840195;0.0481596349507;0.00117528393597;
DE Pz(theta);eeg;DE;Pz;theta;0.0634769494802;0.00669447820929;0.00957532328852;0.00668034482664;0.0843572597897;0.0023686081674;
PSD Pz(theta);eeg;PSD;Pz;theta;0.0653173058842;0.000233754684359;0.0;0.00024193273907;0.0184641611782;0.00119021423332;
DE Pz(alpha);eeg;DE;Pz;alpha;0.068620570691;0.000384815641274;0.0;0.000391954299301;0.0147727146077;0.00118453742904;
PSD Pz(alpha);eeg;PSD;Pz;alpha;0.0653173058842;0.000233754684359;0.0;0.00024193273907;0.0184641611782;0.00126019738972;
DE Pz(beta);eeg;DE;Pz;beta;0.107520787645;0.00379543986872;0.0074124315449;0.00378564085786;0.0367079051401;0.0017679821834;
PSD Pz(beta);eeg;PSD;Pz;beta;0.106001872503;0.00343737239444;0.000497904713196;0.00344986704236;0.0368567983075;0.00194988261069;
DE Pz(delta);eeg;DE;Pz;delta;0.0659365372586;0.00119653338678;0.00335451590102;0.00121307517247;0.120356878911;0.0025345089972;
PSD Pz(delta);eeg;PSD;Pz;delta;0.00971813343058;0.0112528660868;0.0133182673902;0.0112529330574;0.11552517353;0.00235213427997;
A/B Fp2;eeg;AB;Fp2;alpha & beta;0.0785945712879;0.00123983201617;0.0;0.00124507242456;0.0125179428326;0.00107772475639;
DE Fp2(gamma);eeg;DE;Fp2;gamma;0.0754354545595;0.000593324123509;0.0;0.000619146920741;0.0136562975256;0.00114843219192;
PSD Fp2(gamma);eeg;PSD;Fp2;gamma;0.064112205955;0.00240418803293;0.000927834136717;0.00239177411134;0.0510230336279;0.00155266428507;
DE Fp2(theta);eeg;DE;Fp2;theta;0.0711617557174;0.00222824773984;0.00365827575453;0.00222089778879;0.0858832234854;0.00147115600404;
PSD Fp2(theta);eeg;PSD;Fp2;theta;0.0466713441573;0.000734655172912;0.0;0.000736641229522;0.0329569825125;0.00187224424555;
DE Fp2(alpha);eeg;DE;Fp2;alpha;0.0649482733281;0.00020715317271;0.0;0.000194239487825;0.00389044640549;0.000951079479484;
PSD Fp2(alpha);eeg;PSD;Fp2;alpha;0.0683767033069;0.000627345369143;0.0;0.000632359025251;0.00394028411181;0.000909519835289;
DE Fp2(beta);eeg;DE;Fp2;beta;0.0649482733281;0.00020715317271;0.0;0.000194239487825;0.00389044640549;0.000956840245151;
PSD Fp2(beta);eeg;PSD;Fp2;beta;0.0780471584199;0.000763656907735;0.0;0.000752107529149;0.00889461863523;0.00121145758108;
DE Fp2(delta);eeg;DE;Fp2;delta;0.0755465779684;0.00025300043627;0.0;0.000250219134389;0.00802085339692;0.0010967037997;
PSD Fp2(delta);eeg;PSD;Fp2;delta;0.0270815324262;5.64959327857e-05;0.00114192562697;6.22505519541e-05;0.0726817712859;0.00205323920574;
A/B AF4;eeg;AB;AF4;alpha & beta;0.0307536098445;0.00593854844711;0.000961803557633;0.00593704991268;0.0813564047026;0.00200258223631;
DE AF4(gamma);eeg;DE;AF4;gamma;0.0757764870384;0.000823641145246;0.0;0.00082316978536;0.00314863756992;0.00079042532649;
PSD AF4(gamma);eeg;PSD;AF4;gamma;0.0718460371824;4.61682294216e-05;0.0;5.78565049721e-05;0.00201492890913;0.000724033183723;
DE AF4(theta);eeg;DE;AF4;theta;0.0844491343276;0.00154218397988;0.00301775550941;0.00156015064232;0.0359381933032;0.00150037094519;
PSD AF4(theta);eeg;PSD;AF4;theta;0.0772310631043;0.000241065012924;0.0020484651164;0.000220000920993;0.105959110986;0.00154530697653;
DE AF4(alpha);eeg;DE;AF4;alpha;0.0440759147054;0.00132348173991;0.002773524795;0.00134424186058;0.0253994976098;0.0023289000912;
PSD AF4(alpha);eeg;PSD;AF4;alpha;0.0629000711154;0.000424583263274;0.0;0.000421051538298;0.00409620917569;0.000773352511756;
DE AF4(beta);eeg;DE;AF4;beta;0.0657357354549;0.000112374122676;0.0;0.000103578582764;0.00422295277808;0.000874430581756;
PSD AF4(beta);eeg;PSD;AF4;beta;0.0629000711154;0.000424583263274;0.0;0.000421051538298;0.00409620917569;0.000823830346613;
DE AF4(delta);eeg;DE;AF4;delta;0.0774573516218;0.000261312264212;0.0;0.000272157563859;0.00259877841697;0.000868165765876;
PSD AF4(delta);eeg;PSD;AF4;delta;0.0758114365936;0.000299679092685;0.0;0.000295623090375;0.00351985963053;0.000828379246187;
A/B Fz;eeg;AB;Fz;alpha & beta;0.00824390743623;0.00556033793584;0.0040301143448;0.00556542869972;0.118973234139;0.00215089273285;
DE Fz(gamma);eeg;DE;Fz;gamma;0.00285625275205;0.000610856042904;0.00508628835747;0.000615130887498;0.145290750226;0.00215444186141;
PSD Fz(gamma);eeg;PSD;Fz;gamma;0.0695858833149;0.000116897066318;0.0;0.000111062731355;0.00279441645323;0.00071433653414;
DE Fz(theta);eeg;DE;Fz;theta;0.0679695897327;0.000155533249275;0.0;0.000143030005612;0.00447483521489;0.000733850752591;
PSD Fz(theta);eeg;PSD;Fz;theta;0.0697800999359;0.000672477939405;0.00102638354907;0.000667611164485;0.0336362708899;0.00112993288676;
DE Fz(alpha);eeg;DE;Fz;alpha;0.0517425106004;0.00157386178962;2.67453749999e-06;0.00156352985248;0.0272018207828;0.0011407148933;
PSD Fz(alpha);eeg;PSD;Fz;alpha;0.0282207029953;0.000892871313312;0.00564920707676;0.000888145604454;0.0562718887568;0.00232749357162;
DE Fz(beta);eeg;DE;Fz;beta;0.06739846829;0.00050200390947;0.000499657502757;0.000495179054152;0.00810296662237;0.00115915719494;
PSD Fz(beta);eeg;PSD;Fz;beta;0.0696136757123;0.000596855421655;0.0;0.000596981327085;0.00675108514436;0.00127812865731;
DE Fz(delta);eeg;DE;Fz;delta;0.06739846829;0.00050200390947;0.0;0.000495179054152;0.00810296662237;0.00111203882571;
PSD Fz(delta);eeg;PSD;Fz;delta;0.0791378692796;0.00035321909461;0.000890243768892;0.000350044164297;0.00477484027035;0.0013977431306;
A/B F4;eeg;AB;F4;alpha & beta;0.0782038910675;0.000655305105153;0.0;0.000650941117236;0.0063539459171;0.00145174057561;
DE F4(gamma);eeg;DE;F4;gamma;0.0334071262433;0.000622593712524;0.00073924484104;0.000632925382003;0.114105738388;0.00221556220127;
PSD F4(gamma);eeg;PSD;F4;gamma;0.0463358730791;0.00218445908643;0.00109945530071;0.00218946739625;0.100861859275;0.00207362696686;
DE F4(theta);eeg;DE;F4;theta;0.0736966912309;0.000465505322442;0.0;0.000460522099513;0.00485581976301;0.00103462586922;
PSD F4(theta);eeg;PSD;F4;theta;0.0723708116432;0.00110543582681;0.0;0.00110010706573;0.00414889911075;0.00102653460682;
DE F4(alpha);eeg;DE;F4;alpha;0.0625659786531;0.0037182196988;0.000697063970624;0.00370764313478;0.0427264097095;0.00118311539178;
PSD F4(alpha);eeg;PSD;F4;alpha;0.0848161029884;0.0044041018831;0.0;0.00441848188873;0.0231910267356;0.00128597639167;
DE F4(beta);eeg;DE;F4;beta;0.00589514566389;0.000954564005945;0.002169071241;0.000968193092347;0.0267609135241;0.00215060472342;
PSD F4(beta);eeg;PSD;F4;beta;0.0676487304855;0.000855349995666;0.0;0.000849457634255;0.00569759415703;0.000857078604275;
DE F4(delta);eeg;DE;F4;delta;0.0712616602927;0.00144641353167;0.0;0.00143886476052;0.00556350718004;0.000793543815643;
PSD F4(delta);eeg;PSD;F4;delta;0.0676487304855;0.000855349995666;0.0;0.000849457634255;0.00569759415703;0.000882984335276;
A/B F8;eeg;AB;F8;alpha & beta;0.0841621369029;0.00122908878588;0.0;0.00122549114539;0.00786856365867;0.000947845473452;
DE F8(gamma);eeg;DE;F8;gamma;0.0808799338008;0.00101877164287;0.0;0.00101395803147;0.00945820941679;0.000985237065832;
PSD F8(gamma);eeg;PSD;F8;gamma;0.0138841142348;0.0042808523148;0.00434097953876;0.00429737257613;0.106847431199;0.00216017745083;
DE F8(theta);eeg;DE;F8;theta;0.0214764366783;0.00162338336734;0.00365509934699;0.00161789942569;0.114256676034;0.00208452248438;
PSD F8(theta);eeg;PSD;F8;theta;0.0696419082414;0.000824961192714;0.0;0.000807322005026;0.00753033784207;0.00101673576133;
DE F8(alpha);eeg;DE;F8;alpha;0.0661292353983;0.000400272744481;0.00107691215122;0.000414060070484;0.00948260554215;0.000887671999835;
PSD F8(alpha);eeg;PSD;F8;alpha;0.0602965923863;0.00113724533565;0.00738031413985;0.00113540846427;0.035107785739;0.00134418049613;
DE F8(beta);eeg;DE;F8;beta;0.0823752156755;0.00334637993606;0.00246935677251;0.00334672851803;0.0418800515763;0.00115017828201;
PSD F8(beta);eeg;PSD;F8;beta;0.0529952526193;0.000832400526879;0.0054756996265;0.000829344271781;0.0231829533426;0.00151637362887;
DE F8(delta);eeg;DE;F8;delta;0.0285003937682;9.38263308519e-05;0.0;9.08717189062e-05;0.00646889372872;0.00063686810971;
PSD F8(delta);eeg;PSD;F8;delta;0.028044012507;5.05624984447e-05;0.0;6.53736421787e-05;0.00612930338296;0.000746810386679;
A/B FC6;eeg;AB;FC6;alpha & beta;0.0285003937682;9.38263308519e-05;0.0;9.08717189062e-05;0.00646889372872;0.000690990357753;
DE FC6(gamma);eeg;DE;FC6;gamma;0.0404949401294;0.000824247279377;0.0;0.000819722512981;0.00247430288146;0.000940994325145;
PSD FC6(gamma);eeg;PSD;FC6;gamma;0.0412927497617;0.000399298954135;0.0;0.000397663129771;0.00367451322162;0.000939538428584;
DE FC6(theta);eeg;DE;FC6;theta;0.0119784881932;0.0016800031363;0.00361188608099;0.0016658947641;0.0575545025228;0.00168051563283;
PSD FC6(theta);eeg;PSD;FC6;theta;0.00181091831644;0.00244386699368;0.00849638441632;0.00243282284964;0.0790698029885;0.00170354836809;
DE FC6(alpha);eeg;DE;FC6;alpha;0.0327641883876;8.65970222354e-07;0.0;6.57704926742e-07;0.00400838060877;0.000603203261014;
PSD FC6(alpha);eeg;PSD;FC6;alpha;0.0335417895765;6.76224624984e-05;0.0;6.02394944438e-05;0.00519702294444;0.000700799275174;
DE FC6(beta);eeg;DE;FC6;beta;0.0443262247187;0.00213862270228;0.00118893089405;0.00214094574936;0.0666323007396;0.000862067582126;
PSD FC6(beta);eeg;PSD;FC6;beta;0.0458685040269;0.000282459343295;0.00125305286518;0.000281210195647;0.0384541043107;0.000942368316113;
DE FC6(delta);eeg;DE;FC6;delta;0.0297816084385;0.00116430434069;0.0050544510443;0.0011791516215;0.0489867242276;0.00228880664413;
PSD FC6(delta);eeg;PSD;FC6;delta;0.081863296584;0.000552032963876;0.00181422411852;0.000546910918279;0.0079316162455;0.00100210659621;
A/B FC2;eeg;AB;FC2;alpha & beta;0.0821101545622;0.000564942169804;0.0;0.000569537563346;0.0102284144327;0.00106508388707;
DE FC2(gamma);eeg;DE;FC2;gamma;0.081863296584;0.000552032963876;0.0;0.000546910918279;0.0079316162455;0.00111564387612;
PSD FC2(gamma);eeg;PSD;FC2;gamma;0.104219600929;0.000747341012858;0.0;0.0007389348001;0.0103943944614;0.000943210448666;
DE FC2(theta);eeg;DE;FC2;theta;0.107055363166;0.00126181842273;0.0;0.00126914927075;0.00900706599935;0.000858745044366;
PSD FC2(theta);eeg;PSD;FC2;theta;0.0118835693396;0.000901706014113;0.0127543288755;0.000913002252356;0.110330729688;0.00199516076335;
DE FC2(alpha);eeg;DE;FC2;alpha;0.0276978225636;0.00418979750933;0.00478540290995;0.00417412723451;0.103137876715;0.00189258101363;
PSD FC2(alpha);eeg;PSD;FC2;alpha;0.0925964244777;0.000140649439061;0.0;0.000133511729878;0.0044298345966;0.0008303075297;
DE FC2(beta);eeg;DE;FC2;beta;0.0926988592225;0.000136392267742;0.0;0.000141765833985;0.00395076243568;0.000835820531432;
PSD FC2(beta);eeg;PSD;FC2;beta;0.0644985684992;0.00270879254963;0.00480193993018;0.00271514198514;0.0181370585329;0.00162082224849;
DE FC2(delta);eeg;DE;FC2;delta;0.0485040128134;0.00527761920164;0.00319527081512;0.00527392740825;0.0431266782937;0.00164803726322;
PSD FC2(delta);eeg;PSD;FC2;delta;0.0847970723067;0.00316608553866;0.000248200416859;0.00318161465007;0.0666012529602;0.0025860620916;
A/B Cz;eeg;AB;Cz;alpha & beta;0.0376309080733;0.00019717820879;0.0;0.000199433068659;0.00286874694691;0.000847655588773;
DE Cz(gamma);eeg;DE;Cz;gamma;0.0435960299983;0.000580065315701;0.0;0.000573762921462;0.0031093336075;0.000821088388884;
PSD Cz(gamma);eeg;PSD;Cz;gamma;0.0376309080733;0.00019717820879;0.0;0.000199433068659;0.00286874694691;0.000811189716668;
DE Cz(theta);eeg;DE;Cz;theta;0.0671897910343;0.000828189624134;0.0;0.000827111194299;0.0117980245336;0.000888795177787;
PSD Cz(theta);eeg;PSD;Cz;theta;0.0637542972295;0.00102767823287;0.0;0.00102625208047;0.0127009512427;0.000952548264539;
DE Cz(alpha);eeg;DE;Cz;alpha;0.00587314125175;0.000595480156171;0.000672059143699;0.000591245599386;0.0720159146009;0.00199649091127;
PSD Cz(alpha);eeg;PSD;Cz;alpha;0.0370872470808;0.000921891104313;0.000457974423171;0.000937308477462;0.0955563944297;0.00198010159547;
DE Cz(beta);eeg;DE;Cz;beta;0.0523448068355;0.000816031447177;0.0;0.000809694121169;0.00212701231368;0.000938155037122;
PSD Cz(beta);eeg;PSD;Cz;beta;0.0469222196217;0.000513772014425;0.0;0.000506252738291;0.00181591826487;0.000864592434068;
DE Cz(delta);eeg;DE;Cz;delta;0.0677718666666;0.0034325820851;0.000572735734293;0.00343307075383;0.0365247910238;0.00109290837793;
PSD Cz(delta);eeg;PSD;Cz;delta;0.059478256973;0.00161760666271;0.00855708380047;0.00161942219338;0.0480789832506;0.00112499554966;
A/B C4;eeg;AB;C4;alpha & beta;0.0349495300963;0.00153026814428;0.00243616637304;0.001532835683;0.0315485121436;0.00225686119095;
DE C4(gamma);eeg;DE;C4;gamma;0.0585284291528;0.000887412368906;0.0;0.000891677569004;0.00465688712719;0.00109540149182;
PSD C4(gamma);eeg;PSD;C4;gamma;0.0627568457645;0.000524619740183;0.000127490298817;0.00053618002202;0.00696680044951;0.00106340948581;
DE C4(theta);eeg;DE;C4;theta;0.0585284291528;0.000887412368906;0.0;0.000891677569004;0.00465688712719;0.00111830592033;
PSD C4(theta);eeg;PSD;C4;theta;0.0873672123596;0.000943674970677;0.0;0.000927098753192;0.00675809125424;0.00133884657282;
DE C4(alpha);eeg;DE;C4;alpha;0.0846316522087;0.000563164304489;0.0;0.000568659052751;0.00762868152577;0.00126543633546;
PSD C4(alpha);eeg;PSD;C4;alpha;0.00829209779148;0.00302540389156;0.000321204075989;0.0030212157356;0.0514865993895;0.00179507850045;
DE C4(beta);eeg;DE;C4;beta;0.00100520711012;0.000389792575097;0.00120192666715;0.000394735235643;0.0651286130429;0.00176927910664;
PSD C4(beta);eeg;PSD;C4;beta;0.0681920043158;0.000164329229231;0.0;0.000165870844677;0.00702434463949;0.00106758044029;
DE C4(delta);eeg;DE;C4;delta;0.0651344338312;0.000419283117797;0.0;0.000419532228963;0.00748374093047;0.000994147269924;
PSD C4(delta);eeg;PSD;C4;delta;0.0816454921229;0.00176508850858;3.21426613037e-05;0.00175867400239;0.0388738271024;0.00176535622423;
A/B T8;eeg;AB;T8;alpha & beta;0.089860654868;0.00350269599547;0.00111174011342;0.00351928390393;0.0723107180911;0.00167282590741;
DE T8(gamma);eeg;DE;T8;gamma;0.0206506395907;0.00315591733287;0.00246992710291;0.00315731406067;0.0399516422766;0.00212279612848;
PSD T8(gamma);eeg;PSD;T8;gamma;0.0805698602023;0.00121207162736;0.0;0.00120114542695;0.00408770495971;0.00118868024573;
DE T8(theta);eeg;DE;T8;theta;0.086777934076;0.00229073461252;0.0;0.00228322064559;0.00660789553305;0.00123468676593;
PSD T8(theta);eeg;PSD;T8;theta;0.0805698602023;0.00121207162736;0.0;0.00120114542695;0.00408770495971;0.00122880071304;
DE T8(alpha);eeg;DE;T8;alpha;0.104691045419;0.00208104097394;0.0;0.00208441249671;0.00761763925342;0.00134337339013;
PSD T8(alpha);eeg;PSD;T8;alpha;0.0995928488511;0.00153237348975;0.00222630890275;0.00154201448531;0.00809505708905;0.00145732313404;
DE T8(beta);eeg;DE;T8;beta;0.0232762339055;0.000187430610027;0.00194517686724;0.000200055932241;0.172346107212;0.0029544691837;
PSD T8(beta);eeg;PSD;T8;beta;0.0109177137;0.00161719396636;0.00513944647796;0.00160984424514;0.0735552475191;0.00317145554376;
DE T8(delta);eeg;DE;T8;delta;0.0937047224616;0.00187183234025;0.0;0.00187519772434;0.0072264050969;0.000944149366019;
PSD T8(delta);eeg;PSD;T8;delta;0.0878522276659;0.00099002508133;0.0;0.000988780655699;0.00555565336462;0.00082333277273;
A/B CP6;eeg;AB;CP6;alpha & beta;0.090126448509;0.00402173562697;0.000627508934742;0.00400863988981;0.0489809781138;0.00146360175798;
DE CP6(gamma);eeg;DE;CP6;gamma;0.0927784832238;0.000948031852623;0.00347607395439;0.000937958623174;0.0556549438355;0.00125010691389;
PSD CP6(gamma);eeg;PSD;CP6;gamma;0.0178612069889;0.000739315834136;0.00589045303987;0.000745096284445;0.0572337414851;0.00199480510805;
DE CP6(theta);eeg;DE;CP6;theta;0.069986694756;0.00107146469811;0.00342855521003;0.00107197299328;0.00835334140737;0.00100485372553;
PSD CP6(theta);eeg;PSD;CP6;theta;0.0737775497743;2.33530986517e-05;0.0;3.71917038495e-05;0.00948865858058;0.000976179023593;
DE CP6(alpha);eeg;DE;CP6;alpha;0.069986694756;0.00107146469811;5.3472851147e-17;0.00107197299328;0.00835334140737;0.00103965394227;
PSD CP6(alpha);eeg;PSD;CP6;alpha;0.0915140248182;0.000105033474006;0.0;0.000122557573951;0.00830578259536;0.00145553370846;
DE CP6(beta);eeg;DE;CP6;beta;0.0901399905523;0.000505977860203;0.0;0.00050791638567;0.00697063511812;0.00133247291525;
PSD CP6(beta);eeg;PSD;CP6;beta;0.0450118030935;0.00355063682029;0.0112798876469;0.00354926644039;0.110702723766;0.00238404181163;
DE CP6(delta);eeg;DE;CP6;delta;0.0209896245692;0.00166963634207;0.00838608900225;0.00164921749906;0.166800519706;0.00230772972893;
PSD CP6(delta);eeg;PSD;CP6;delta;0.0865171118019;0.000288460060661;0.0;0.000298070959392;0.00734909120223;0.00103295643921;
A/B CP2;eeg;AB;CP2;alpha & beta;0.0832496107597;0.000401978293991;0.0;0.000391744159084;0.00651446247022;0.0010506914945;
DE CP2(gamma);eeg;DE;CP2;gamma;0.07165323047;0.00194925562826;0.00336701598785;0.00193892471523;0.0328024517224;0.00173340130893;
PSD CP2(gamma);eeg;PSD;CP2;gamma;0.0689448245987;0.00155288180464;0.00133798780398;0.00155157732487;0.0593539005208;0.0017858822212;
DE CP2(theta);eeg;DE;CP2;theta;0.0232898114325;3.81755788807e-05;0.0048518124957;4.32485830163e-05;0.0665889170856;0.00213864512799;
PSD CP2(theta);eeg;PSD;CP2;theta;0.0516970447584;3.83673758983e-05;0.0;4.0677238897e-05;0.0141199827373;0.00096598281896;
DE CP2(alpha);eeg;DE;CP2;alpha;0.0571962856118;0.00130018521967;0.0;0.00128507011522;0.0109317996636;0.00093619061783;
PSD CP2(alpha);eeg;PSD;CP2;alpha;0.0516970447584;3.83673758983e-05;0.0;4.0677238897e-05;0.0141199827373;0.000900707368854;
DE CP2(beta);eeg;DE;CP2;beta;0.0611603079753;0.000554035964846;0.000189428199574;0.000556555416452;0.00996459289699;0.00108788019637;
PSD CP2(beta);eeg;PSD;CP2;beta;0.0590349753689;4.38971126962e-05;0.0;6.28386150814e-05;0.0128705468251;0.00103969824437;
DE CP2(delta);eeg;DE;CP2;delta;0.0533447714961;0.00302324765386;0.0053042106504;0.00299744095915;0.0775352079212;0.00181767076192;
PSD CP2(delta);eeg;PSD;CP2;delta;0.0359325104668;0.00240155182627;0.00469334474151;0.00240149157435;0.170853530533;0.00177141126336;
A/B P4;eeg;AB;P4;alpha & beta;0.0604210667148;0.000939899668262;0.0;0.000939028770055;0.00677894417722;0.000876438610936;
DE P4(gamma);eeg;DE;P4;gamma;0.0560747740604;0.000100133032142;0.0;0.000109855184731;0.00916858673612;0.000711066756143;
PSD P4(gamma);eeg;PSD;P4;gamma;0.0417636039609;0.00256960025091;0.00804142477707;0.00256797235605;0.0445266379693;0.00109886184999;
DE P4(theta);eeg;DE;P4;theta;0.0299205280699;0.0019641283556;0.00224378142252;0.00196015477491;0.097182571054;0.0011280348593;
PSD P4(theta);eeg;PSD;P4;theta;0.0113056745014;0.00293060805751;0.00864882058836;0.0029297844551;0.0491860824788;0.00215995722938;
DE P4(alpha);eeg;DE;P4;alpha;0.0689802284932;0.000373623614799;4.4856389512e-05;0.000367399883086;0.00515835725796;0.00115568004513;
PSD P4(alpha);eeg;PSD;P4;alpha;0.0749662861858;0.00150607293719;0.0;0.0015037995773;0.00534830932412;0.00112581205152;
DE P4(beta);eeg;DE;P4;beta;0.0689802284932;0.000373623614799;0.0;0.000367399883086;0.00515835725796;0.00119758507797;
PSD P4(beta);eeg;PSD;P4;beta;0.0728205590382;0.000807318854378;0.0;0.000818931022528;0.00964373715512;0.0011478776506;
DE P4(delta);eeg;DE;P4;delta;0.0687737080304;0.000361568105014;0.0;0.000358225240555;0.00834820105392;0.00115584846988;
PSD P4(delta);eeg;PSD;P4;delta;0.00868212558383;0.00109998143047;0.000532622851578;0.00109480967167;0.0737001706349;0.00159965052906;
A/B P8;eeg;AB;P8;alpha & beta;0.00580082543264;0.000784337435396;0.00497203051084;0.000781446881995;0.101897121988;0.00165911190938;
DE P8(gamma);eeg;DE;P8;gamma;0.0749431727404;0.0013007807665;0.0;0.00129366304983;0.00561807757085;0.000963722136608;
PSD P8(gamma);eeg;PSD;P8;gamma;0.069863209182;0.000425731489793;0.0;0.000432226445955;0.00498226500598;0.00106690395387;
DE P8(theta);eeg;DE;P8;theta;0.0693204072299;0.00257124900976;0.00179300889325;0.00256014260581;0.0270165707826;0.00134546686213;
PSD P8(theta);eeg;PSD;P8;theta;0.070272250458;0.00193660650042;0.00339867769062;0.00194461497544;0.0639676779981;0.00126538572069;
DE P8(alpha);eeg;DE;P8;alpha;0.0381817872228;0.00249925963734;0.00628706247861;0.00249176504746;0.0426321142372;0.00211113215322;
PSD P8(alpha);eeg;PSD;P8;alpha;0.0473570195795;0.000481834693042;0.0;0.000481406795088;0.00292278171482;0.000765390055033;
DE P8(beta);eeg;DE;P8;beta;0.0544395005878;0.00115971155207;0.0;0.00114857361475;0.00226030151957;0.000741690531959;
PSD P8(beta);eeg;PSD;P8;beta;0.0473570195795;0.000481834693042;0.0;0.000481406795088;0.00292278171482;0.000746721079621;
DE P8(delta);eeg;DE;P8;delta;0.0600038068903;0.000798305398498;0.0;0.000802556429903;0.0196699619163;0.000889937312723;
PSD P8(delta);eeg;PSD;P8;delta;0.0562646548992;0.00150377630048;0.00175037861602;0.00150164230118;0.0204767742437;0.000907245835877;
A/B PO4;eeg;AB;PO4;alpha & beta;0.031587161541;0.00340387188928;0.00397685700263;0.00342239564785;0.137523810854;0.00175131789548;
DE PO4(gamma);eeg;DE;PO4;gamma;0.0634741900503;0.00202771421342;0.00710403082443;0.00203886653046;0.0686395477652;0.00179017599124;
PSD PO4(gamma);eeg;PSD;PO4;gamma;0.057306069925;0.000175144921568;0.0;0.000171039602962;0.00109224816226;0.000924939705334;
DE PO4(theta);eeg;DE;PO4;theta;0.0516436129624;0.00119118721405;0.0;0.00118990484814;0.00248626725652;0.000839564184789;
PSD PO4(theta);eeg;PSD;PO4;theta;0.0299721477623;0.000328271469118;0.00367873592568;0.000328788326768;0.0386003856846;0.00165310366348;
DE PO4(alpha);eeg;DE;PO4;alpha;0.0334266071496;0.00027845604531;0.00608931795182;0.000262135356569;0.0588152976706;0.00168682511236;
PSD PO4(alpha);eeg;PSD;PO4;alpha;0.0552365262534;0.00160997157174;0.0;0.00162376091624;0.0129255065892;0.00207278385434;
DE PO4(beta);eeg;DE;PO4;beta;0.0556514521302;0.00139229420941;0.0;0.00139981017368;0.00511858565558;0.000802299631652;
PSD PO4(beta);eeg;PSD;PO4;beta;0.063408837161;0.000207559109689;0.0;0.000215582872069;0.00351548734254;0.00100012126732;
DE PO4(delta);eeg;DE;PO4;delta;0.0556514521302;0.00139229420941;0.0;0.00139981017368;0.00511858565558;0.000909194193276;
PSD PO4(delta);eeg;PSD;PO4;delta;0.0865430335147;0.000260949598627;0.0;0.000249269604982;0.00587902822152;0.00112615240067;
A/B O2;eeg;AB;O2;alpha & beta;0.0807277178823;0.000538722099376;0.000396318976114;0.000543170838339;0.00783844884567;0.00101949209768;
DE O2(gamma);eeg;DE;O2;gamma;0.00970328539204;0.00311821370681;0.00719754982021;0.00312617153952;0.0714576331196;0.00243145943762;
PSD O2(gamma);eeg;PSD;O2;gamma;0.0222238689538;0.00270445006777;0.00325788948151;0.0027089035713;0.0695153324047;0.00264100150701;
DE O2(theta);eeg;DE;O2;theta;0.0735014194867;0.000136268157599;0.0;0.00012987503812;0.0024337162373;0.000838308026477;
PSD O2(theta);eeg;PSD;O2;theta;0.0661900646609;0.000959614448302;0.0;0.000957672684211;0.0042428732598;0.000721566223719;
DE O2(alpha);eeg;DE;O2;alpha;0.0530120980587;0.000984755354332;0.0;0.0009797334834;0.0171590671202;0.00109085893234;
PSD O2(alpha);eeg;PSD;O2;alpha;0.0765633973773;0.00163494599743;0.00542150256058;0.00162174832928;0.0170646368182;0.00105840700612;
DE O2(beta);eeg;DE;O2;beta;0.0334302591031;0.00020477925248;0.0;0.000197413708743;0.0302707469537;0.00160976742987;
PSD O2(beta);eeg;PSD;O2;beta;0.0783121406806;0.0003196443883;0.00444395720962;0.00033033979263;0.011082112782;0.000977160071869;
DE O2(delta);eeg;DE;O2;delta;0.0853988996417;0.00100933531553;0.0;0.00100692256893;0.00945389574664;0.00102434483938;
PSD O2(delta);eeg;PSD;O2;delta;0.0783121406806;0.0003196443883;0.0;0.00033033979263;0.011082112782;0.000892928462342;
LR Fp1,Fp2;eeg;LminR;['Fp1', 'Fp2'];alpha;0.0997622379025;0.00169791467828;0.0;0.00169020752469;0.0181008333954;0.00127373278451;
DASM Fp1,Fp2;eeg;DASM;['Fp1', 'Fp2'];gamma;0.0967638639927;0.0018167015838;0.00563352103621;0.00182173107338;0.0182027576038;0.00130060340171;
RASM Fp1,Fp2;eeg;RASM;['Fp1', 'Fp2'];gamma;0.000343245222711;0.00283307397601;0.00138566754933;0.00283237385909;0.0827194571984;0.00196383509067;
DASM Fp1,Fp2;eeg;DASM;['Fp1', 'Fp2'];theta;0.0380875784367;0.00908545902291;0.008689013546;0.00907357371914;0.106631935247;0.00185995026757;
RASM Fp1,Fp2;eeg;RASM;['Fp1', 'Fp2'];theta;0.0909277339307;0.000596785377473;0.0;0.000594246927042;0.0106257897535;0.00109955324071;
DASM Fp1,Fp2;eeg;DASM;['Fp1', 'Fp2'];alpha;0.0852782961928;0.000366670890782;0.0;0.00037777086494;0.0113678078231;0.000994301678282;
RASM Fp1,Fp2;eeg;RASM;['Fp1', 'Fp2'];alpha;0.0844015280646;0.00304862996688;0.00577386934843;0.00305272637635;0.0553326512233;0.00126862418587;
DASM Fp1,Fp2;eeg;DASM;['Fp1', 'Fp2'];beta;0.0880620263837;0.00137921868587;0.000742620280692;0.00137594569133;0.0310263930897;0.00110763705383;
RASM Fp1,Fp2;eeg;RASM;['Fp1', 'Fp2'];beta;0.0432220040812;0.00397571329107;0.0100400455191;0.00396802061513;0.0649744419965;0.00211260029481;
DASM Fp1,Fp2;eeg;DASM;['Fp1', 'Fp2'];delta;0.0470811285048;0.000500308725123;0.000194176714736;0.000501511029437;0.00882406669835;0.0010226286026;
RASM Fp1,Fp2;eeg;RASM;['Fp1', 'Fp2'];delta;0.0533767538919;0.0011950137058;0.0;0.00120263496832;0.00846806087173;0.00116900612304;
LR AF3,AF4;eeg;LminR;['AF3', 'AF4'];alpha;0.0470811285048;0.000500308725123;0.0;0.000501511029437;0.00882406669835;0.000922928385914;
DASM AF3,AF4;eeg;DASM;['AF3', 'AF4'];gamma;0.0675811703782;0.00117859443528;0.0;0.00118538342463;0.0097912675654;0.0011765590275;
RASM AF3,AF4;eeg;RASM;['AF3', 'AF4'];gamma;0.0651839162198;0.000298008144566;0.0;0.000292345455226;0.00994066307448;0.00124446848552;
DASM AF3,AF4;eeg;DASM;['AF3', 'AF4'];theta;0.0290449455331;0.00410743078152;0.00289561710079;0.00410983948655;0.131224722955;0.0023244269732;
RASM AF3,AF4;eeg;RASM;['AF3', 'AF4'];theta;0.00936325521915;0.00409378767281;0.00152545894342;0.00409206785633;0.0686362509061;0.00214175145771;
DASM AF3,AF4;eeg;DASM;['AF3', 'AF4'];alpha;0.0554663158037;0.000155494233086;0.0;0.000145706965575;0.00758304169658;0.00100554968271;
RASM AF3,AF4;eeg;RASM;['AF3', 'AF4'];alpha;0.0510539859819;0.00116346737857;0.0;0.00115151809672;0.00705783079939;0.00096965375987;
DASM AF3,AF4;eeg;DASM;['AF3', 'AF4'];beta;0.0359115214641;0.00118951705591;0.00381949879056;0.00118686857877;0.0634488132263;0.00143756430211;
RASM AF3,AF4;eeg;RASM;['AF3', 'AF4'];beta;0.0305862522731;0.000802266858506;0.000225332576307;0.000820614068601;0.0127133809565;0.00131779468574;
DASM AF3,AF4;eeg;DASM;['AF3', 'AF4'];delta;0.0403027943956;0.00493099016529;0.00236538473497;0.00493872767009;0.0631167428054;0.00180558038419;
RASM AF3,AF4;eeg;RASM;['AF3', 'AF4'];delta;0.0686724391603;0.000520415650917;0.00152389881745;0.000506480876795;0.0233502305281;0.00131474600338;
LR F3,F4;eeg;LminR;['F3', 'F4'];alpha;0.0735306841721;0.000267299918165;0.0;0.000261175112176;0.0244459102952;0.00138942718889;
DASM F3,F4;eeg;DASM;['F3', 'F4'];gamma;0.0686724391603;0.000520415650917;8.67361737988e-20;0.000506480876795;0.0233502305281;0.00125614581798;
RASM F3,F4;eeg;RASM;['F3', 'F4'];gamma;0.0810503370387;0.000703197546907;0.0;0.000700901793258;0.00606704726392;0.00122530818367;
DASM F3,F4;eeg;DASM;['F3', 'F4'];theta;0.0792743818442;0.000712724126873;0.0;0.000714532307429;0.00764239810015;0.00119152716916;
RASM F3,F4;eeg;RASM;['F3', 'F4'];theta;0.0154512233656;0.00115567490236;0.00477853411104;0.00113776625814;0.0729622723144;0.00162467817682;
DASM F3,F4;eeg;DASM;['F3', 'F4'];alpha;0.0167941389855;0.000745361342551;0.000767927627314;0.000751585520951;0.109720100565;0.00151913207282;
RASM F3,F4;eeg;RASM;['F3', 'F4'];alpha;0.0715923176206;0.000845017320632;0.0;0.000844847074058;0.00913682904695;0.00111237365011;
DASM F3,F4;eeg;DASM;['F3', 'F4'];beta;0.0675816183095;0.00126997219934;0.0;0.00128142642203;0.00923170863858;0.00108570168581;
RASM F3,F4;eeg;RASM;['F3', 'F4'];beta;0.0489487502296;0.00103513664843;0.00107639686029;0.00104791106415;0.0398871765715;0.00147212639162;
DASM F3,F4;eeg;DASM;['F3', 'F4'];delta;0.0369435856376;0.0048101569302;0.00866202947755;0.00481922190296;0.0494426712688;0.00130062352455;
RASM F3,F4;eeg;RASM;['F3', 'F4'];delta;0.0129750502115;0.000845979962294;0.00421220230099;0.000853650553283;0.0315842198424;0.00204768930581;
LR F7,F8;eeg;LminR;['F7', 'F8'];alpha;0.0103880719538;0.00338835408639;0.00192274706726;0.00340808072287;0.0314458381335;0.00180969766881;
DASM F7,F8;eeg;DASM;['F7', 'F8'];gamma;0.0194148097234;0.00175346380271;0.00253041936072;0.00177397883116;0.0173769838288;0.00165745801809;
RASM F7,F8;eeg;RASM;['F7', 'F8'];gamma;0.00510518501834;0.00165169098124;0.0;0.00165904635073;0.0283621643887;0.00201093789938;
DASM F7,F8;eeg;DASM;['F7', 'F8'];theta;0.0125737003858;0.000692574310469;0.0;0.000673646338201;0.0204755777016;0.00220643389846;
RASM F7,F8;eeg;RASM;['F7', 'F8'];theta;0.00530669269711;0.0030732544586;0.00850575009641;0.00307383904328;0.0693129187583;0.00238801326182;
DASM F7,F8;eeg;DASM;['F7', 'F8'];alpha;0.00984095665366;0.00125629701822;0.00236546462291;0.00125634078388;0.0585064390297;0.00232973204343;
RASM F7,F8;eeg;RASM;['F7', 'F8'];alpha;0.0100321135891;0.003656739458;0.00148723087081;0.00365068084393;0.0271218231858;0.00196407852992;
DASM F7,F8;eeg;DASM;['F7', 'F8'];beta;0.0185579947012;0.00254354235498;0.00282685708864;0.00254228499149;0.0160505109124;0.00200441401557;
RASM F7,F8;eeg;RASM;['F7', 'F8'];beta;0.0395024248085;0.000496771288724;0.000698416859485;0.000494897886051;0.0331416901629;0.00161306372771;
DASM F7,F8;eeg;DASM;['F7', 'F8'];delta;0.0175472712122;0.00014882394578;0.0;0.000155589008856;0.0319898327282;0.0020333721154;
RASM F7,F8;eeg;RASM;['F7', 'F8'];delta;0.00406902705016;0.00229938005997;0.0;0.00230238288583;0.0171227923812;0.00163742229603;
LR FC5,FC6;eeg;LminR;['FC5', 'FC6'];alpha;0.0261660097803;0.00136520252949;0.00227785884867;0.00135977035655;0.0221248615123;0.00167481409228;
DASM FC5,FC6;eeg;DASM;['FC5', 'FC6'];gamma;0.035403787002;0.00224328841173;0.00180712254287;0.00223646590343;0.0169678892501;0.00169852567565;
RASM FC5,FC6;eeg;RASM;['FC5', 'FC6'];gamma;0.00289074779486;0.00122147181705;0.0;0.0012308438873;0.0175998575504;0.00135642474346;
DASM FC5,FC6;eeg;DASM;['FC5', 'FC6'];theta;0.0189292018065;0.000869761788272;0.0;0.00086146198805;0.0165431060277;0.00139231651905;
RASM FC5,FC6;eeg;RASM;['FC5', 'FC6'];theta;0.0587997929301;0.000127619463696;0.00281369068126;0.000120419310065;0.0825376466445;0.00250945292548;
DASM FC5,FC6;eeg;DASM;['FC5', 'FC6'];alpha;0.0302773262717;0.00237681247044;0.00362624279802;0.00239361880638;0.082530265704;0.00244295213688;
RASM FC5,FC6;eeg;RASM;['FC5', 'FC6'];alpha;0.0243071752378;0.000522698098947;0.00392659697262;0.000508899621761;0.01936240493;0.0012896812123;
DASM FC5,FC6;eeg;DASM;['FC5', 'FC6'];beta;0.0372118204116;0.000113567093826;0.0;0.000108289378604;0.0191678135739;0.00159695556873;
RASM FC5,FC6;eeg;RASM;['FC5', 'FC6'];beta;0.00208517211922;0.00136496822482;0.000396194367525;0.0013758501739;0.0414300973561;0.00152811073602;
DASM FC5,FC6;eeg;DASM;['FC5', 'FC6'];delta;0.0349629503038;0.00112443967136;0.00401546420873;0.00111464475611;0.0418862206475;0.0016448442141;
RASM FC5,FC6;eeg;RASM;['FC5', 'FC6'];delta;0.100114292439;0.00241241209024;0.0;0.0024197045799;0.0147105177347;0.00196803602322;
LR FC1,FC2;eeg;LminR;['FC1', 'FC2'];alpha;0.0819889890678;0.00233933040856;0.00133660882073;0.00234177525207;0.0279875632966;0.00156827114428;
DASM FC1,FC2;eeg;DASM;['FC1', 'FC2'];gamma;0.046730046135;0.000237396711831;0.000671627987741;0.000233771129402;0.0168581557922;0.00157881860991;
RASM FC1,FC2;eeg;RASM;['FC1', 'FC2'];gamma;0.0936698045882;0.00347397424522;0.000556435279322;0.00347090360507;0.0200625626513;0.00221078534144;
DASM FC1,FC2;eeg;DASM;['FC1', 'FC2'];theta;0.0833139518629;0.00288462413382;8.15235901944e-05;0.00288122776832;0.0179261104627;0.00191554811937;
RASM FC1,FC2;eeg;RASM;['FC1', 'FC2'];theta;0.06737333594;0.00346501906844;0.00105614530355;0.00346826168196;0.0639582569022;0.0021785778698;
DASM FC1,FC2;eeg;DASM;['FC1', 'FC2'];alpha;0.00219792334031;0.00432119026337;0.00759384171451;0.00431081367964;0.0657796181998;0.00216693914611;
RASM FC1,FC2;eeg;RASM;['FC1', 'FC2'];alpha;0.0867282142635;0.0017460789688;0.0;0.00173365709347;0.0163743518702;0.00163955762326;
DASM FC1,FC2;eeg;DASM;['FC1', 'FC2'];beta;0.0815594818816;0.00154223242591;0.0;0.00153988310461;0.0136457700205;0.00172533160948;
RASM FC1,FC2;eeg;RASM;['FC1', 'FC2'];beta;0.0592723503161;0.00300616020732;0.00214880612141;0.00301007218531;0.0305862997069;0.0017418194278;
DASM FC1,FC2;eeg;DASM;['FC1', 'FC2'];delta;0.0505309840085;0.00138264669386;0.00798362521617;0.00137821297446;0.0321679036372;0.00172771728681;
RASM FC1,FC2;eeg;RASM;['FC1', 'FC2'];delta;0.0330840539581;0.00226769468774;0.00139254814934;0.00226627261419;0.0247702008189;0.00225625539439;
LR C3,C4;eeg;LminR;['C3', 'C4'];alpha;0.056274606278;0.00232127587638;0.00485637473947;0.00232096306986;0.0471452144975;0.001702323378;
DASM C3,C4;eeg;DASM;['C3', 'C4'];gamma;0.0358425258541;5.6477046555e-05;0.00101553144517;5.5911806261e-05;0.0179102272704;0.00125310814792;
RASM C3,C4;eeg;RASM;['C3', 'C4'];gamma;0.0456378343983;0.00348263043783;0.0;0.00349213847095;0.0242621647568;0.00182271501176;
DASM C3,C4;eeg;DASM;['C3', 'C4'];theta;0.0299362645838;0.00285679575787;0.0;0.00285600267887;0.0165397981681;0.00169384474353;
RASM C3,C4;eeg;RASM;['C3', 'C4'];theta;0.0296034013595;9.55005176017e-05;0.00289136396442;0.000101632641656;0.0812951394265;0.0021937827546;
DASM C3,C4;eeg;DASM;['C3', 'C4'];alpha;0.0266423174665;0.00302149777621;0.00021188661249;0.00301860618607;0.0680613078056;0.00187373992388;
RASM C3,C4;eeg;RASM;['C3', 'C4'];alpha;0.0519217104965;0.00170880233917;0.0;0.00170344969158;0.0362416015631;0.00186481328936;
DASM C3,C4;eeg;DASM;['C3', 'C4'];beta;0.0324366572891;0.00063044533571;0.0;0.000632545716126;0.0183851820635;0.00163736823007;
RASM C3,C4;eeg;RASM;['C3', 'C4'];beta;0.0114789303664;0.00193798833049;0.0;0.00193501225759;0.0234959889683;0.00228475499806;
DASM C3,C4;eeg;DASM;['C3', 'C4'];delta;0.0188302480053;0.000925277775323;0.00282833523604;0.000913261695167;0.0229385034684;0.00216136558156;
RASM C3,C4;eeg;RASM;['C3', 'C4'];delta;0.0332338896834;0.00221126219781;0.00751416715794;0.00221159395568;0.051653109223;0.00190138137896;
LR T7,T8;eeg;LminR;['T7', 'T8'];alpha;0.0032274999317;0.0015500600981;0.000351473694376;0.00154701554901;0.0233471958188;0.00124709755618;
DASM T7,T8;eeg;DASM;['T7', 'T8'];gamma;0.00134093553808;0.000706881286991;0.000215926085855;0.000724807685853;0.0156226241383;0.0010280776646;
RASM T7,T8;eeg;RASM;['T7', 'T8'];gamma;0.0216850972317;0.00133397953322;0.0;0.00132851655083;0.0445457643433;0.00163745742506;
DASM T7,T8;eeg;DASM;['T7', 'T8'];theta;0.0207281614087;0.00163282654559;0.00834444535492;0.00162184497678;0.0405069313982;0.00160232956745;
RASM T7,T8;eeg;RASM;['T7', 'T8'];theta;0.00254512903635;0.00139069073759;0.0026213768196;0.00138889571653;0.0785803389806;0.00205565096791;
DASM T7,T8;eeg;DASM;['T7', 'T8'];alpha;0.0278382817275;0.00376049697074;0.000783634230812;0.00377117602876;0.0784085291128;0.00207584319949;
RASM T7,T8;eeg;RASM;['T7', 'T8'];alpha;0.00739380307911;0.00016413174229;0.00212671171762;0.000153658801329;0.0177786188432;0.0011926187328;
DASM T7,T8;eeg;DASM;['T7', 'T8'];beta;0.0069732871617;0.00031571119161;0.0;0.000316987316255;0.013601348668;0.00128438019854;
RASM T7,T8;eeg;RASM;['T7', 'T8'];beta;0.017811136427;0.00316750040696;0.000905951409523;0.00316911383745;0.0455780269579;0.00162586643448;
DASM T7,T8;eeg;DASM;['T7', 'T8'];delta;0.0455515824016;0.00185467734516;0.0;0.00183288035439;0.0449197913806;0.00158906145673;
RASM T7,T8;eeg;RASM;['T7', 'T8'];delta;0.000951218908057;7.42145299303e-05;0.00495280264476;7.22367550972e-05;0.0268126391264;0.00232825458291;
LR CP5,CP6;eeg;LminR;['CP5', 'CP6'];alpha;0.00700761114507;0.00241583823917;0.0;0.00242672004882;0.0196516262305;0.00152825269474;
DASM CP5,CP6;eeg;DASM;['CP5', 'CP6'];gamma;0.00653230923268;0.00010750081016;0.0;0.000111201225327;0.0127702869034;0.00125473882308;
RASM CP5,CP6;eeg;RASM;['CP5', 'CP6'];gamma;0.0139557213375;0.0015948761657;0.00246001054963;0.00159130774376;0.0239558940769;0.00168703085627;
DASM CP5,CP6;eeg;DASM;['CP5', 'CP6'];theta;0.0213837609872;0.000990859801713;0.00175057960001;0.000986597352581;0.0192195488433;0.00157492440845;
RASM CP5,CP6;eeg;RASM;['CP5', 'CP6'];theta;0.00426119450902;0.00325836402015;0.000605663157965;0.00325187655291;0.0607069614927;0.00242203030095;
DASM CP5,CP6;eeg;DASM;['CP5', 'CP6'];alpha;0.0656522980225;0.00323039767207;0.00690121162924;0.00322956024339;0.0619545133671;0.00261699774807;
RASM CP5,CP6;eeg;RASM;['CP5', 'CP6'];alpha;0.00395573393711;0.00115270336273;0.000267939389223;0.00115913291431;0.0178117754924;0.0014386535201;
DASM CP5,CP6;eeg;DASM;['CP5', 'CP6'];beta;0.0161993431495;0.000775531644399;0.0028636298907;0.000780858806304;0.0160845885413;0.00129054146286;
RASM CP5,CP6;eeg;RASM;['CP5', 'CP6'];beta;0.0423253618933;0.000875887469145;0.0;0.000868913804437;0.0224559296921;0.00208178535734;
DASM CP5,CP6;eeg;DASM;['CP5', 'CP6'];delta;0.0291957877964;0.00149948283302;0.000865722901783;0.00150348165634;0.0208582876801;0.00174723512858;
RASM CP5,CP6;eeg;RASM;['CP5', 'CP6'];delta;0.045358627666;0.0019167228067;0.000110184334068;0.00192945161134;0.0232278233997;0.00186882344048;
LR CP1,CP2;eeg;LminR;['CP1', 'CP2'];alpha;0.0431788994877;0.00160167773662;0.0;0.00159357179421;0.0307640805777;0.00142297167548;
DASM CP1,CP2;eeg;DASM;['CP1', 'CP2'];gamma;0.0263984907426;0.000141557300922;0.00155127747966;0.000151041377378;0.0185486795253;0.00125342141236;
RASM CP1,CP2;eeg;RASM;['CP1', 'CP2'];gamma;0.0424625254302;0.00236128854801;0.0;0.00236907777799;0.0169008684266;0.00167281378997;
DASM CP1,CP2;eeg;DASM;['CP1', 'CP2'];theta;0.0406971008764;0.00166115077108;0.0;0.00166219949055;0.0119508390429;0.00166543425883;
RASM CP1,CP2;eeg;RASM;['CP1', 'CP2'];theta;0.0497571122254;0.000313493035101;0.000932402880243;0.000309874372805;0.0872114347622;0.00240001541976;
DASM CP1,CP2;eeg;DASM;['CP1', 'CP2'];alpha;0.0570752903242;0.00338826708752;0.00492076042997;0.00338934601085;0.0859707290983;0.00232104667131;
RASM CP1,CP2;eeg;RASM;['CP1', 'CP2'];alpha;0.0499423556677;0.00140909778528;0.00596875581146;0.00141950576867;0.030591568777;0.00175780424062;
DASM CP1,CP2;eeg;DASM;['CP1', 'CP2'];beta;0.0471246181791;0.00108064810862;0.0;0.0010918697883;0.0274119038739;0.00148581277382;
RASM CP1,CP2;eeg;RASM;['CP1', 'CP2'];beta;0.0309480096902;0.000752807286994;0.000356886657827;0.000757369549029;0.0491561234478;0.0018257924335;
DASM CP1,CP2;eeg;DASM;['CP1', 'CP2'];delta;0.0834497445478;0.00272951411159;0.0033096085702;0.00273030798401;0.0492160636164;0.0021128172604;
RASM CP1,CP2;eeg;RASM;['CP1', 'CP2'];delta;0.0099919551023;0.00062327145684;0.0;0.000626866636008;0.0216719510237;0.00192140947105;
LR P3,P4;eeg;LminR;['P3', 'P4'];alpha;0.0382803314113;0.00273403762107;0.00176198969294;0.00273061556785;0.0370207423149;0.00196530374964;
DASM P3,P4;eeg;DASM;['P3', 'P4'];gamma;0.0386180714966;3.45550744745e-05;0.000780140177847;1.93310044585e-05;0.0295747584407;0.00143192289978;
RASM P3,P4;eeg;RASM;['P3', 'P4'];gamma;0.0124978591072;0.000323418185302;0.0;0.000312738775618;0.0203353837338;0.00171455100515;
DASM P3,P4;eeg;DASM;['P3', 'P4'];theta;0.0185637493766;0.000198284709193;0.00051755805366;0.000211178449563;0.0169833346407;0.00186742429985;
RASM P3,P4;eeg;RASM;['P3', 'P4'];theta;0.0320642838658;0.00473764268396;0.00256736319382;0.00473594743589;0.0717166858971;0.00205206130036;
DASM P3,P4;eeg;DASM;['P3', 'P4'];alpha;0.0462940127453;0.00553091544291;0.00157630634628;0.00554186024951;0.0683550096322;0.00208815658199;
RASM P3,P4;eeg;RASM;['P3', 'P4'];alpha;0.0271874264489;0.00152741396464;0.000688825978106;0.00153356791536;0.0248932636574;0.00175122169423;
DASM P3,P4;eeg;DASM;['P3', 'P4'];beta;0.0327247382141;0.00178134069635;0.0;0.00178393041877;0.0201075303165;0.00175619964831;
RASM P3,P4;eeg;RASM;['P3', 'P4'];beta;0.0473660267994;0.00378747372145;0.00202368311718;0.00378314877983;0.0441820469278;0.00186188127077;
DASM P3,P4;eeg;DASM;['P3', 'P4'];delta;0.0224750864169;0.0027512373761;0.0;0.00274683592674;0.041500510683;0.00207857472705;
RASM P3,P4;eeg;RASM;['P3', 'P4'];delta;0.0466023638721;0.000245367074862;0.00188151953396;0.000261563873384;0.022348189215;0.00204085459943;
LR P7,P8;eeg;LminR;['P7', 'P8'];alpha;0.0476038957666;0.00165126189098;0.000505574647366;0.0016537980888;0.0158441449939;0.00154508308431;
DASM P7,P8;eeg;DASM;['P7', 'P8'];gamma;0.00769872589193;0.000151455157736;0.000754521151457;0.000137918555211;0.00941667814862;0.00127969362736;
RASM P7,P8;eeg;RASM;['P7', 'P8'];gamma;0.0351724336595;0.000114093745492;0.00334866148203;0.00010504454291;0.0220758384265;0.00165308154209;
DASM P7,P8;eeg;DASM;['P7', 'P8'];theta;0.0169565533858;0.000679543212575;0.0;0.000682665833421;0.0121983702061;0.00177445011985;
RASM P7,P8;eeg;RASM;['P7', 'P8'];theta;0.0381374890784;0.00372892156993;0.00176569725909;0.00373317058127;0.0832790765443;0.00205473080948;
DASM P7,P8;eeg;DASM;['P7', 'P8'];alpha;0.0361859674728;0.00289381600129;0.00132751162277;0.00290015159613;0.0876415621335;0.00217193500127;
RASM P7,P8;eeg;RASM;['P7', 'P8'];alpha;0.0460755726006;0.00144929681002;0.000309417072159;0.00145532251333;0.0159407185298;0.00155916803139;
DASM P7,P8;eeg;DASM;['P7', 'P8'];beta;0.0358104041715;0.00123132230455;0.0;0.00124042846559;0.0123421201178;0.00139276742642;
RASM P7,P8;eeg;RASM;['P7', 'P8'];beta;0.0585413125949;0.000343819156648;0.00233116573364;0.000343931824124;0.0337060247817;0.00193078331134;
DASM P7,P8;eeg;DASM;['P7', 'P8'];delta;0.0426639485632;0.00293622056677;0.0029241141685;0.00293260488313;0.0294614673823;0.0021247843406;
RASM P7,P8;eeg;RASM;['P7', 'P8'];delta;0.0665050206928;0.000881019841577;0.0;0.000888768260271;0.0201763663305;0.00196616614182;
LR PO3,PO4;eeg;LminR;['PO3', 'PO4'];alpha;0.0602925724395;0.00177553657889;0.00177195886611;0.00178341414816;0.0131127127198;0.0013987126958;
DASM PO3,PO4;eeg;DASM;['PO3', 'PO4'];gamma;0.0545033394704;0.00132822840746;0.0;0.00133158617256;0.0071563903018;0.00131067646768;
RASM PO3,PO4;eeg;RASM;['PO3', 'PO4'];gamma;0.0584416456953;0.000744622329269;0.0;0.000753679243112;0.0135030844191;0.00154398524328;
DASM PO3,PO4;eeg;DASM;['PO3', 'PO4'];theta;0.0565627375977;0.00090756669871;0.0;0.00089873190082;0.0117546189738;0.00167308617113;
RASM PO3,PO4;eeg;RASM;['PO3', 'PO4'];theta;0.0540330953097;0.000801331461343;0.00396747009468;0.000816090674381;0.0651690429898;0.00221733120615;
DASM PO3,PO4;eeg;DASM;['PO3', 'PO4'];alpha;0.0140436073673;0.00142470733795;0.00184504620158;0.00142596076633;0.0647082308201;0.00242357633117;
RASM PO3,PO4;eeg;RASM;['PO3', 'PO4'];alpha;0.0675640723318;0.000753833441708;0.0;0.00076143821783;0.00432795415476;0.00122761288929;
DASM PO3,PO4;eeg;DASM;['PO3', 'PO4'];beta;0.0692171449806;0.000875607936174;0.0;0.000868247227159;0.00381331497138;0.00140074650908;
RASM PO3,PO4;eeg;RASM;['PO3', 'PO4'];beta;0.0413469323499;0.00222823621125;0.0;0.00222669878915;0.0293770891473;0.00197559721866;
DASM PO3,PO4;eeg;DASM;['PO3', 'PO4'];delta;0.0434224046374;0.000356048251953;0.000925754193016;0.000352094330547;0.0296520978519;0.00199861957025;
RASM PO3,PO4;eeg;RASM;['PO3', 'PO4'];delta;0.0208388720851;9.10018916618e-05;0.000676923618838;8.92784568886e-05;0.0305200041683;0.00244943530948;
DCAU FC5,CP5;eeg;DCAU;['FC5', 'CP5'];gamma;0.000199639982544;0.000136832143321;0.00136689780513;0.000142477715651;0.0315707814274;0.00208508428164;
RCAU FC5,CP5;eeg;RCAU;['FC5', 'CP5'];gamma;0.00760850041261;0.000207525378922;0.00267885374196;0.000211702571704;0.0106898441862;0.00155516098111;
DCAU FC5,CP5;eeg;DCAU;['FC5', 'CP5'];theta;0.0131842767442;6.23028225356e-05;0.0;6.59860781306e-05;0.0234392166603;0.00223426111705;
RCAU FC5,CP5;eeg;RCAU;['FC5', 'CP5'];theta;0.0103851334345;0.000301580531807;0.00526645585053;0.000301945203938;0.0185850813062;0.00220165408983;
DCAU FC5,CP5;eeg;DCAU;['FC5', 'CP5'];alpha;8.31925976544e-05;0.00237533608651;0.00814647505232;0.0023798504174;0.0583632717427;0.0024329719447;
RCAU FC5,CP5;eeg;RCAU;['FC5', 'CP5'];alpha;0.0152241138065;0.00047672506057;0.00067821127069;0.000476809354686;0.0566475010919;0.00241186523238;
DCAU FC5,CP5;eeg;DCAU;['FC5', 'CP5'];beta;0.0101492142837;0.000145450273111;0.00177750153449;0.000140701360173;0.0139366355074;0.00185382402554;
RCAU FC5,CP5;eeg;RCAU;['FC5', 'CP5'];beta;0.0032405622361;0.000628431637132;0.0;0.000629549606518;0.0103548618005;0.00184832093637;
DCAU FC5,CP5;eeg;DCAU;['FC5', 'CP5'];delta;0.00904186089772;0.00217044248502;0.00234917515323;0.00217963156468;0.0314858653705;0.0020149345903;
RCAU FC5,CP5;eeg;RCAU;['FC5', 'CP5'];delta;0.0273358166662;0.00177049657581;0.0;0.00177958013722;0.0295399550027;0.00213938777462;
DCAU FC1,CP1;eeg;DCAU;['FC1', 'CP1'];gamma;0.0596158349834;0.00111980151648;0.00139748146126;0.00112249202245;0.0319167918501;0.0019009876316;
RCAU FC1,CP1;eeg;RCAU;['FC1', 'CP1'];gamma;0.0425872768121;0.00115523924387;0.00239265077613;0.00114898631078;0.0309592665217;0.00232918656867;
DCAU FC1,CP1;eeg;DCAU;['FC1', 'CP1'];theta;0.0257651461282;0.000382428220196;0.0;0.000396027656954;0.0109417399416;0.00158782003722;
RCAU FC1,CP1;eeg;RCAU;['FC1', 'CP1'];theta;0.0527236511088;0.000419940061621;0.0;0.000407496677004;0.0290957219765;0.0018517897744;
DCAU FC1,CP1;eeg;DCAU;['FC1', 'CP1'];alpha;0.0501927139962;0.000573937252261;0.00348115489575;0.000567107956772;0.0262880737008;0.00214573553594;
RCAU FC1,CP1;eeg;RCAU;['FC1', 'CP1'];alpha;0.0284346532068;0.0023051471973;0.00572292069714;0.00230492016749;0.0766561080007;0.00240332471313;
DCAU FC1,CP1;eeg;DCAU;['FC1', 'CP1'];beta;0.0613646869434;0.00447755128263;0.00298862507948;0.00446189538215;0.0766647162072;0.00231168665137;
RCAU FC1,CP1;eeg;RCAU;['FC1', 'CP1'];beta;0.0422596857987;0.000621657509213;0.0;0.000624360241209;0.0128776908566;0.00221533426788;
DCAU FC1,CP1;eeg;DCAU;['FC1', 'CP1'];delta;0.0426755516031;0.000529639926431;0.0;0.000527134779873;0.0103970001617;0.00204862231187;
RCAU FC1,CP1;eeg;RCAU;['FC1', 'CP1'];delta;0.0339774836438;0.000948806821086;0.00334373215332;0.00094857189406;0.0395857808484;0.00181745242839;
DCAU FC2,CP2;eeg;DCAU;['FC2', 'CP2'];gamma;0.0361664381407;0.00478963103131;0.001747164657;0.00479049421431;0.0370837744824;0.00179145686729;
RCAU FC2,CP2;eeg;RCAU;['FC2', 'CP2'];gamma;0.00712932015594;0.000619679508169;0.00387531062016;0.00061313077732;0.0368028850165;0.00175783736025;
DCAU FC2,CP2;eeg;DCAU;['FC2', 'CP2'];theta;0.0221560461088;0.000289268343821;0.000397734011452;0.000288342092771;0.0311956564703;0.00174066233526;
RCAU FC2,CP2;eeg;RCAU;['FC2', 'CP2'];theta;0.0466441440148;0.00191909103538;0.0;0.00191995032324;0.0256812373833;0.00118567597666;
DCAU FC2,CP2;eeg;DCAU;['FC2', 'CP2'];alpha;0.0244405564786;0.000359093785064;0.0;0.000359566674191;0.0219824762018;0.00178924599049;
RCAU FC2,CP2;eeg;RCAU;['FC2', 'CP2'];alpha;0.0303024962684;0.000233622766076;0.0;0.000219867331143;0.0216367892905;0.00167477612286;
DCAU FC2,CP2;eeg;DCAU;['FC2', 'CP2'];beta;0.0338144713565;0.00251977511843;0.00500417425181;0.00251596367122;0.0894923079836;0.00208570058442;
RCAU FC2,CP2;eeg;RCAU;['FC2', 'CP2'];beta;0.0177653597338;0.00223492856456;0.00487414211942;0.00223299258067;0.0929423485363;0.00211401778097;
DCAU FC2,CP2;eeg;DCAU;['FC2', 'CP2'];delta;0.0173186470859;0.000644193818996;0.0;0.000658818295368;0.0131914216242;0.00153059297417;
RCAU FC2,CP2;eeg;RCAU;['FC2', 'CP2'];delta;0.0278334716193;0.000727198085008;0.0;0.000721919164598;0.0126285331906;0.00166295693051;
DCAU FC6,CP6;eeg;DCAU;['FC6', 'CP6'];gamma;0.0341097744028;0.000751087056428;0.00269229304545;0.000748330671589;0.0410134888319;0.00186412018134;
RCAU FC6,CP6;eeg;RCAU;['FC6', 'CP6'];gamma;0.00454725158913;0.00207127944916;0.00181763712223;0.0020662516985;0.0382422462835;0.00219957836351;
DCAU FC6,CP6;eeg;DCAU;['FC6', 'CP6'];theta;0.0274248406299;0.00137104959717;0.00311254945321;0.00137486685644;0.0401204419136;0.00140653727406;
RCAU FC6,CP6;eeg;RCAU;['FC6', 'CP6'];theta;0.0515845332568;0.00175239546161;0.00187872248398;0.0017509458978;0.031041379256;0.00146578837811;
DCAU FC6,CP6;eeg;DCAU;['FC6', 'CP6'];alpha;0.0147006612208;0.000626664772057;0.000872234521507;0.000623553522969;0.0250494424011;0.00211833962042;
RCAU FC6,CP6;eeg;RCAU;['FC6', 'CP6'];alpha;0.0156368117481;0.000673664201437;0.00188978960025;0.000673858199721;0.0218169888187;0.00206100050018;
DCAU FC6,CP6;eeg;DCAU;['FC6', 'CP6'];beta;0.0415661032388;0.00521800913335;0.00637119547566;0.00521701551067;0.052215049792;0.00174721659358;
RCAU FC6,CP6;eeg;RCAU;['FC6', 'CP6'];beta;0.0295813534453;0.00661133007189;0.00143777066188;0.00661912342828;0.0502419583228;0.00210504266414;
DCAU FC6,CP6;eeg;DCAU;['FC6', 'CP6'];delta;0.0261179842382;0.0011753289203;0.00518519450961;0.00117845356921;0.0307225582841;0.00168818935728;
RCAU FC6,CP6;eeg;RCAU;['FC6', 'CP6'];delta;0.0253101608292;0.000663831939854;0.0;0.000672824747351;0.0258062244399;0.00173799691611;
DCAU F7,P7;eeg;DCAU;['F7', 'P7'];gamma;0.0567601083038;0.0015429069672;0.000268389590176;0.0015343790918;0.0345609429087;0.00188766631536;
RCAU F7,P7;eeg;RCAU;['F7', 'P7'];gamma;0.0133811708542;0.00190346190336;0.00053763336406;0.0019045249772;0.0319806368662;0.00196072317934;
DCAU F7,P7;eeg;DCAU;['F7', 'P7'];theta;0.0294454283178;0.00276350940369;0.00103901969992;0.00275425416202;0.0224043175732;0.00138506675305;
RCAU F7,P7;eeg;RCAU;['F7', 'P7'];theta;0.0389043621595;0.00199148491658;0.0;0.00198823681111;0.0119061187692;0.00125324396406;
DCAU F7,P7;eeg;DCAU;['F7', 'P7'];alpha;0.0498163741583;0.00194685382897;0.0;0.00193157346376;0.0195813601431;0.00163198912671;
RCAU F7,P7;eeg;RCAU;['F7', 'P7'];alpha;0.0533697638231;0.00210950365092;0.0;0.0021108638923;0.0174441773667;0.00149985428951;
DCAU F7,P7;eeg;DCAU;['F7', 'P7'];beta;0.0191055378912;0.00220284252982;0.00122543854442;0.00220244908371;0.0597315858981;0.00209737490565;
RCAU F7,P7;eeg;RCAU;['F7', 'P7'];beta;0.0446601384531;0.000876678136113;0.00398404625154;0.000866718723915;0.0613210841937;0.00204799880462;
DCAU F7,P7;eeg;DCAU;['F7', 'P7'];delta;0.0452616193443;3.53232723943e-05;0.00143388793495;4.00476514628e-05;0.0150371385447;0.00152259295334;
RCAU F7,P7;eeg;RCAU;['F7', 'P7'];delta;0.0462470804342;1.18567247428e-05;0.0;1.88708681872e-05;0.01222785451;0.00142414014139;
DCAU F3,P3;eeg;DCAU;['F3', 'P3'];gamma;0.0236329381041;0.00249184417836;0.0040597370377;0.00248546261057;0.0395134181099;0.00160149850122;
RCAU F3,P3;eeg;RCAU;['F3', 'P3'];gamma;0.00579089022276;0.000514807452447;0.000558950077684;0.000514901670582;0.0333607039946;0.00165191796529;
DCAU F3,P3;eeg;DCAU;['F3', 'P3'];theta;0.0210305339174;0.00271155247421;0.00597508193901;0.00271386210934;0.0239400856236;0.0018455317497;
RCAU F3,P3;eeg;RCAU;['F3', 'P3'];theta;0.0439746950061;0.000620134552797;0.00376270430428;0.000621732317625;0.0110121501138;0.00129631413085;
DCAU F3,P3;eeg;DCAU;['F3', 'P3'];alpha;0.00356392177609;0.00219431993383;0.00257146310449;0.00217392973455;0.024922221052;0.00172571008741;
RCAU F3,P3;eeg;RCAU;['F3', 'P3'];alpha;0.0235222214758;0.00229368457007;0.00357473017036;0.00228008339964;0.0243737262395;0.00171839491443;
DCAU F3,P3;eeg;DCAU;['F3', 'P3'];beta;0.0308079537519;2.1158355091e-05;0.00177032056892;2.25247258425e-05;0.0894116802689;0.00215511012892;
RCAU F3,P3;eeg;RCAU;['F3', 'P3'];beta;0.0355234794169;0.000938392448903;0.00302204843983;0.000936264021538;0.089604462626;0.00230141988276;
DCAU F3,P3;eeg;DCAU;['F3', 'P3'];delta;0.0144539651805;0.00072093677497;0.0;0.000714492206557;0.0204827153698;0.00182878148539;
RCAU F3,P3;eeg;RCAU;['F3', 'P3'];delta;0.0332622587989;0.000510247531666;0.0;0.000504894789232;0.0207401564596;0.00189928227379;
DCAU Fz,Pz;eeg;DCAU;['Fz', 'Pz'];gamma;0.0203676537999;0.00293512230819;0.00424734526274;0.00295053547305;0.0274800950414;0.00239765184954;
RCAU Fz,Pz;eeg;RCAU;['Fz', 'Pz'];gamma;0.032755090822;0.000556452890305;0.000441881541185;0.000556592069557;0.0232580224544;0.00214790010704;
DCAU Fz,Pz;eeg;DCAU;['Fz', 'Pz'];theta;0.039784316889;0.00110372489648;0.0;0.0010930495738;0.0200865535479;0.00140729157303;
RCAU Fz,Pz;eeg;RCAU;['Fz', 'Pz'];theta;0.0353124604687;0.00079723919812;0.0;0.00080019464545;0.0136390557633;0.00117880607786;
DCAU Fz,Pz;eeg;DCAU;['Fz', 'Pz'];alpha;0.017074219044;0.00105383224051;0.00157991616351;0.00105047822755;0.0340314079194;0.00166614135464;
RCAU Fz,Pz;eeg;RCAU;['Fz', 'Pz'];alpha;0.000331562479346;0.00102270093812;0.0010349306826;0.00100938117886;0.0325780491018;0.00174158523769;
DCAU Fz,Pz;eeg;DCAU;['Fz', 'Pz'];beta;0.00406314274911;0.000796974981966;0.0106527155283;0.000802612032216;0.0701231833696;0.0018670173704;
RCAU Fz,Pz;eeg;RCAU;['Fz', 'Pz'];beta;0.0170649602467;0.00145360045796;0.00186059536752;0.00144326962195;0.0746801112656;0.00184207316174;
DCAU Fz,Pz;eeg;DCAU;['Fz', 'Pz'];delta;0.0308020457471;0.000216736904249;0.0;0.000198797929151;0.0147107977362;0.00121985560689;
RCAU Fz,Pz;eeg;RCAU;['Fz', 'Pz'];delta;0.0135353021255;0.000376715394842;0.0;0.000368615388534;0.0132633859438;0.00115802054339;
DCAU F4,P4;eeg;DCAU;['F4', 'P4'];gamma;0.00162313075229;0.00576063626186;0.00599053898743;0.00576425136997;0.0341164563546;0.00134186167734;
RCAU F4,P4;eeg;RCAU;['F4', 'P4'];gamma;0.000245253542609;0.00169217880359;0.00235936395455;0.00168767126698;0.0325423344778;0.00147888802828;
DCAU F4,P4;eeg;DCAU;['F4', 'P4'];theta;0.01258011022;0.00110241618762;0.0;0.00109696953449;0.0279457049452;0.00164901640426;
RCAU F4,P4;eeg;RCAU;['F4', 'P4'];theta;0.0103935065531;0.000694486245245;0.0;0.000712136451075;0.0176463203946;0.00113588350826;
DCAU F4,P4;eeg;DCAU;['F4', 'P4'];alpha;0.0492460097782;0.0025263047434;0.00263107328326;0.00253016011268;0.0426048651566;0.00129416165082;
RCAU F4,P4;eeg;RCAU;['F4', 'P4'];alpha;0.0524311879127;0.00245153246426;0.0;0.00244806210655;0.0315198685934;0.00119594838373;
DCAU F4,P4;eeg;DCAU;['F4', 'P4'];beta;0.0307208883642;0.000148991108575;0.0;0.000160428532242;0.0363222918451;0.00183898005802;
RCAU F4,P4;eeg;RCAU;['F4', 'P4'];beta;0.00574641594807;0.00309039128317;0.000536137270026;0.00307732089691;0.0370971682029;0.00168338059861;
DCAU F4,P4;eeg;DCAU;['F4', 'P4'];delta;0.0337190747099;1.15544501707e-05;0.000969197554744;4.07527034023e-06;0.022075951652;0.00147399619475;
RCAU F4,P4;eeg;RCAU;['F4', 'P4'];delta;0.0427081457113;0.000142039609161;0.0;0.000136779783514;0.0190091786808;0.00130511959588;
DCAU F8,P8;eeg;DCAU;['F8', 'P8'];gamma;0.0584659062478;0.000574629659754;0.00185033338406;0.000580017328666;0.0384872952105;0.00173174202501;
RCAU F8,P8;eeg;RCAU;['F8', 'P8'];gamma;0.072241241316;0.00124930377565;0.00204118488394;0.00125574752993;0.0342189824454;0.00149965347928;
DCAU F8,P8;eeg;DCAU;['F8', 'P8'];theta;0.0563941132118;0.000404833233788;0.00264867325794;0.000407755708797;0.0305496609742;0.00181878640439;
RCAU F8,P8;eeg;RCAU;['F8', 'P8'];theta;0.0828660597665;0.00042226109841;0.0;0.000426470251303;0.0101285108372;0.00112928046134;
DCAU F8,P8;eeg;DCAU;['F8', 'P8'];alpha;0.0662612090106;0.000626600623256;0.00287814996997;0.000624827242651;0.0219697533894;0.00165189842963;
RCAU F8,P8;eeg;RCAU;['F8', 'P8'];alpha;0.0716908591317;0.000509323143355;0.0;0.000509592570845;0.0184780438984;0.0017608598026;
DCAU F8,P8;eeg;DCAU;['F8', 'P8'];beta;0.0503535111581;0.00282626460397;0.00766064052475;0.0028310198042;0.082248775524;0.00268035105857;
RCAU F8,P8;eeg;RCAU;['F8', 'P8'];beta;0.0191137940019;0.00406871108966;0.00186664461008;0.00407686490274;0.0816716753591;0.0026707107424;
DCAU F8,P8;eeg;DCAU;['F8', 'P8'];delta;0.0621916625559;0.000512564969786;0.0;0.000525369408732;0.0127107127435;0.00154331020218;
RCAU F8,P8;eeg;RCAU;['F8', 'P8'];delta;0.0670297353225;0.000718602187622;0.0;0.000717707397786;0.0105914399155;0.0015491461116;
DCAU Fp1,O1;eeg;DCAU;['Fp1', 'O1'];gamma;0.0652951990321;0.000955186787126;0.00275122216618;0.000955758210003;0.039878220932;0.00194107110901;
RCAU Fp1,O1;eeg;RCAU;['Fp1', 'O1'];gamma;0.0595286535313;0.000333595479182;0.000108912961235;0.000330710509841;0.0378619113415;0.00206939197873;
DCAU Fp1,O1;eeg;DCAU;['Fp1', 'O1'];theta;0.00344608792376;0.00172512197337;0.0;0.00172547776234;0.0207703744227;0.00213839060229;
RCAU Fp1,O1;eeg;RCAU;['Fp1', 'O1'];theta;0.0129155065309;0.00185735008578;0.00154878496954;0.00186201864226;0.0133128649542;0.00157958044449;
DCAU Fp1,O1;eeg;DCAU;['Fp1', 'O1'];alpha;0.00675249647234;0.0013705936562;0.00480337137484;0.00137356832572;0.0238951840113;0.00256563945961;
RCAU Fp1,O1;eeg;RCAU;['Fp1', 'O1'];alpha;0.0151197445716;0.00176782017959;0.0;0.00175933468265;0.017049717373;0.00221647948599;
DCAU Fp1,O1;eeg;DCAU;['Fp1', 'O1'];beta;0.0259415959946;0.00423388028316;0.00212817615442;0.00423188713156;0.0638826866275;0.00217470084937;
RCAU Fp1,O1;eeg;RCAU;['Fp1', 'O1'];beta;0.0336143286092;0.00279968158993;0.00167649096674;0.00280471360169;0.0626259432896;0.00208760150828;
DCAU Fp1,O1;eeg;DCAU;['Fp1', 'O1'];delta;0.00465671324668;0.000977516095744;0.0;0.000992212365372;0.0239929517039;0.0022293701656;
RCAU Fp1,O1;eeg;RCAU;['Fp1', 'O1'];delta;0.00705715850353;0.00109556437417;0.0;0.00109387800116;0.0226805144671;0.002141872331;
DCAU Fp2,O2;eeg;DCAU;['Fp2', 'O2'];gamma;0.00804249758889;0.00156665648238;0.000955228603323;0.0015593691144;0.0503151372589;0.0021952390165;
RCAU Fp2,O2;eeg;RCAU;['Fp2', 'O2'];gamma;0.00450513285912;0.00011408089576;0.0;0.000126618443455;0.0329552172409;0.00221116062919;
DCAU Fp2,O2;eeg;DCAU;['Fp2', 'O2'];theta;0.0199177259796;0.000128490991428;0.0;0.000137942003486;0.0143548726899;0.00145387193374;
RCAU Fp2,O2;eeg;RCAU;['Fp2', 'O2'];theta;0.0123672699807;0.000103147324234;0.00244065366363;0.000109623193709;0.00903279222331;0.00124994247042;
DCAU Fp2,O2;eeg;DCAU;['Fp2', 'O2'];alpha;0.0419852776898;0.00460815580845;0.00324585537568;0.00462038373967;0.0297265401262;0.00151882113861;
RCAU Fp2,O2;eeg;RCAU;['Fp2', 'O2'];alpha;0.0204085945976;0.00316736649178;0.0;0.00316572344689;0.0197611210469;0.00140366129134;
DCAU Fp2,O2;eeg;DCAU;['Fp2', 'O2'];beta;0.0286622462546;0.00119395204145;0.00197782044094;0.00119858819468;0.0509617535327;0.00241930174517;
RCAU Fp2,O2;eeg;RCAU;['Fp2', 'O2'];beta;0.022943470889;0.000566821543366;0.00106616309277;0.000568158054656;0.0524098276885;0.00258615144533;
DCAU Fp2,O2;eeg;DCAU;['Fp2', 'O2'];delta;0.0299473116324;0.00148411571845;0.000469533500142;0.00150208903977;0.0165400389369;0.00138723763493;
RCAU Fp2,O2;eeg;RCAU;['Fp2', 'O2'];delta;0.00604170930498;0.00105145799472;0.0;0.00105688159407;0.012959682802;0.00133543068458;
