featname;eeg/phy;what;channels;waveband;avg weight;std weight;
avg GSR;phy;AVG;n/a;n/a;0.00419430379334;0.00367926068313
std GSR;phy;STD;n/a;n/a;0.00273327259609;0.00198324168385
avg Respiration belt;phy;AVG;n/a;n/a;0.00321190561648;0.00532933398245
std Respiration belt;phy;STD;n/a;n/a;0.00312352463886;0.00339234716939
avg Plethysmograph;phy;AVG;n/a;n/a;0.00319462781523;0.0026718520895
std Plethysmograph;phy;STD;n/a;n/a;0.00258504651781;0.00186690751592
avg Temperature;phy;AVG;n/a;n/a;0.00258093404554;0.00213665132903
std Temperature;phy;STD;n/a;n/a;0.00237123250947;0.00181754377108
avg HR;phy;AVG HR;n/a;n/a;0.00224175298706;0.00167942638497
std HR;phy;STD HR;n/a;n/a;0.00263658863589;0.00172742557619
A/B Fp1;eeg;AB;Fp1;alpha & beta;0.00202087307353;0.00174190700689
FM Fp1;eeg;FM;Fp1;theta;0.00111007091341;0.00122490948939
DE Fp1(gamma);eeg;DE;Fp1;gamma;0.000991332768322;0.000763276888051
PSD Fp1(gamma);eeg;PSD;Fp1;gamma;0.00121781785751;0.000986506000948
DE Fp1(beta);eeg;DE;Fp1;beta;0.00111072347152;0.000922776089828
PSD Fp1(beta);eeg;PSD;Fp1;beta;0.00104050155277;0.000970895375149
DE Fp1(delta);eeg;DE;Fp1;delta;0.00191219951989;0.00121374808306
PSD Fp1(delta);eeg;PSD;Fp1;delta;0.00187475432884;0.00133516875469
DE Fp1(alpha);eeg;DE;Fp1;alpha;0.00185200312052;0.00195198713553
PSD Fp1(alpha);eeg;PSD;Fp1;alpha;0.00187213978888;0.00225482557716
DE Fp1(theta);eeg;DE;Fp1;theta;0.00107972171954;0.000926543173258
PSD Fp1(theta);eeg;PSD;Fp1;theta;0.00108304502986;0.00109228366094
A/B AF3;eeg;AB;AF3;alpha & beta;0.00176936293559;0.00116633631533
FM AF3;eeg;FM;AF3;theta;0.00073472558902;0.000550682078068
DE AF3(gamma);eeg;DE;AF3;gamma;0.000803289695229;0.000594047035138
PSD AF3(gamma);eeg;PSD;AF3;gamma;0.000871707874918;0.000663242314827
DE AF3(beta);eeg;DE;AF3;beta;0.000912933266292;0.000705552493753
PSD AF3(beta);eeg;PSD;AF3;beta;0.00101629228865;0.000707630506727
DE AF3(delta);eeg;DE;AF3;delta;0.00284187222967;0.00255262976074
PSD AF3(delta);eeg;PSD;AF3;delta;0.00290616713717;0.00266190228566
DE AF3(alpha);eeg;DE;AF3;alpha;0.00146404483387;0.00120432857108
PSD AF3(alpha);eeg;PSD;AF3;alpha;0.00145767626482;0.00135038737855
DE AF3(theta);eeg;DE;AF3;theta;0.000764797396266;0.000599325402929
PSD AF3(theta);eeg;PSD;AF3;theta;0.000905314984126;0.000655041146056
A/B F3;eeg;AB;F3;alpha & beta;0.0017004083807;0.00130894651165
FM F3;eeg;FM;F3;theta;0.00158400523961;0.00295894358945
DE F3(gamma);eeg;DE;F3;gamma;0.0012395091423;0.00154138812752
PSD F3(gamma);eeg;PSD;F3;gamma;0.00130887680586;0.00182460295824
DE F3(beta);eeg;DE;F3;beta;0.00111939045557;0.00130242045386
PSD F3(beta);eeg;PSD;F3;beta;0.00115189077263;0.00120350850733
DE F3(delta);eeg;DE;F3;delta;0.00302921228977;0.00239400825052
PSD F3(delta);eeg;PSD;F3;delta;0.00305394581544;0.00261479303203
DE F3(alpha);eeg;DE;F3;alpha;0.00200141254313;0.00301128380162
PSD F3(alpha);eeg;PSD;F3;alpha;0.00206855586301;0.00317189353086
DE F3(theta);eeg;DE;F3;theta;0.00138778302509;0.00247298215036
PSD F3(theta);eeg;PSD;F3;theta;0.00165484645762;0.00290244716645
A/B F7;eeg;AB;F7;alpha & beta;0.00223599565499;0.00219740367305
FM F7;eeg;FM;F7;theta;0.000975798413107;0.000996981770955
DE F7(gamma);eeg;DE;F7;gamma;0.000771941000272;0.000832438159598
PSD F7(gamma);eeg;PSD;F7;gamma;0.00086766290686;0.00102166167822
DE F7(beta);eeg;DE;F7;beta;0.000809457110531;0.00105533499681
PSD F7(beta);eeg;PSD;F7;beta;0.000844786010428;0.00106618170347
DE F7(delta);eeg;DE;F7;delta;0.00207498707884;0.00121460886712
PSD F7(delta);eeg;PSD;F7;delta;0.0018225633255;0.00116457233178
DE F7(alpha);eeg;DE;F7;alpha;0.000966497470399;0.000886937698015
PSD F7(alpha);eeg;PSD;F7;alpha;0.00107871531237;0.000891719089681
DE F7(theta);eeg;DE;F7;theta;0.000903652152613;0.000830006346488
PSD F7(theta);eeg;PSD;F7;theta;0.000844831464481;0.000732742840182
A/B FC5;eeg;AB;FC5;alpha & beta;0.00236177718854;0.00237898012993
FM FC5;eeg;FM;FC5;theta;0.000979192565507;0.00105234616495
DE FC5(gamma);eeg;DE;FC5;gamma;0.000682269324865;0.000544294710028
PSD FC5(gamma);eeg;PSD;FC5;gamma;0.000792163040386;0.000478670347032
DE FC5(beta);eeg;DE;FC5;beta;0.000750031956602;0.000560887325612
PSD FC5(beta);eeg;PSD;FC5;beta;0.000823053089458;0.000499885178342
DE FC5(delta);eeg;DE;FC5;delta;0.00184663120911;0.000858242054209
PSD FC5(delta);eeg;PSD;FC5;delta;0.00175730601497;0.000910488988867
DE FC5(alpha);eeg;DE;FC5;alpha;0.000889564558232;0.000651208790925
PSD FC5(alpha);eeg;PSD;FC5;alpha;0.00103812322795;0.000805432535062
DE FC5(theta);eeg;DE;FC5;theta;0.000962911771975;0.00099937850932
PSD FC5(theta);eeg;PSD;FC5;theta;0.000946751708331;0.00103831517898
A/B FC1;eeg;AB;FC1;alpha & beta;0.00201746631187;0.00141544060112
FM FC1;eeg;FM;FC1;theta;0.000910505746508;0.00074784785246
DE FC1(gamma);eeg;DE;FC1;gamma;0.00103092584376;0.00125518699973
PSD FC1(gamma);eeg;PSD;FC1;gamma;0.00101891744084;0.00110006239822
DE FC1(beta);eeg;DE;FC1;beta;0.000803923964056;0.000775844274381
PSD FC1(beta);eeg;PSD;FC1;beta;0.000978436114246;0.00165141043047
DE FC1(delta);eeg;DE;FC1;delta;0.00190895286082;0.00129865977562
PSD FC1(delta);eeg;PSD;FC1;delta;0.00209753672475;0.00143517846584
DE FC1(alpha);eeg;DE;FC1;alpha;0.00143936509529;0.00206534860258
PSD FC1(alpha);eeg;PSD;FC1;alpha;0.00129445602609;0.00168657551629
DE FC1(theta);eeg;DE;FC1;theta;0.00110643952828;0.0010187481102
PSD FC1(theta);eeg;PSD;FC1;theta;0.00102474976663;0.00100376931625
A/B C3;eeg;AB;C3;alpha & beta;0.00213817045328;0.00173943456958
FM C3;eeg;FM;C3;theta;0.000882122700012;0.000741453804454
DE C3(gamma);eeg;DE;C3;gamma;0.000948108882449;0.000956487156143
PSD C3(gamma);eeg;PSD;C3;gamma;0.000922239724169;0.00127483898715
DE C3(beta);eeg;DE;C3;beta;0.000889460272336;0.000994696783358
PSD C3(beta);eeg;PSD;C3;beta;0.000950028281407;0.000951080271585
DE C3(delta);eeg;DE;C3;delta;0.00197385991108;0.00122184585936
PSD C3(delta);eeg;PSD;C3;delta;0.00197936324901;0.00131343303473
DE C3(alpha);eeg;DE;C3;alpha;0.00131107004797;0.00143581633396
PSD C3(alpha);eeg;PSD;C3;alpha;0.00114069268941;0.00105556368484
DE C3(theta);eeg;DE;C3;theta;0.000966736611242;0.000838634223272
PSD C3(theta);eeg;PSD;C3;theta;0.00105490191171;0.00102501746268
A/B T7;eeg;AB;T7;alpha & beta;0.00216384160054;0.00187654862965
FM T7;eeg;FM;T7;theta;0.00100348890477;0.00103410579083
DE T7(gamma);eeg;DE;T7;gamma;0.000695957020542;0.000721935176121
PSD T7(gamma);eeg;PSD;T7;gamma;0.000774070264165;0.000771051155637
DE T7(beta);eeg;DE;T7;beta;0.000960002300448;0.00122576388486
PSD T7(beta);eeg;PSD;T7;beta;0.00087340479728;0.00111285057212
DE T7(delta);eeg;DE;T7;delta;0.00254649644572;0.00156564734738
PSD T7(delta);eeg;PSD;T7;delta;0.00245574486496;0.00137325751273
DE T7(alpha);eeg;DE;T7;alpha;0.00110956377778;0.00107284292617
PSD T7(alpha);eeg;PSD;T7;alpha;0.00116700725209;0.00128212319668
DE T7(theta);eeg;DE;T7;theta;0.000843857784068;0.000798150388544
PSD T7(theta);eeg;PSD;T7;theta;0.000947536585508;0.00108196609929
A/B CP5;eeg;AB;CP5;alpha & beta;0.00195298571849;0.00181653944162
FM CP5;eeg;FM;CP5;theta;0.00100700470428;0.000893833257259
DE CP5(gamma);eeg;DE;CP5;gamma;0.000809749452575;0.000681776059313
PSD CP5(gamma);eeg;PSD;CP5;gamma;0.00105858010007;0.000899055608531
DE CP5(beta);eeg;DE;CP5;beta;0.000898913437914;0.000636378356088
PSD CP5(beta);eeg;PSD;CP5;beta;0.000808155004466;0.000650935062089
DE CP5(delta);eeg;DE;CP5;delta;0.0024289016998;0.00148933791363
PSD CP5(delta);eeg;PSD;CP5;delta;0.00227689513385;0.00149466317382
DE CP5(alpha);eeg;DE;CP5;alpha;0.00107205759025;0.000820217978195
PSD CP5(alpha);eeg;PSD;CP5;alpha;0.00119716615203;0.00120503972452
DE CP5(theta);eeg;DE;CP5;theta;0.00104427204331;0.00104537880333
PSD CP5(theta);eeg;PSD;CP5;theta;0.000970939682209;0.00107321199222
A/B CP1;eeg;AB;CP1;alpha & beta;0.00249946196284;0.0025842557408
FM CP1;eeg;FM;CP1;theta;0.00085313518983;0.000959308356331
DE CP1(gamma);eeg;DE;CP1;gamma;0.000697237665691;0.000752208944533
PSD CP1(gamma);eeg;PSD;CP1;gamma;0.000798344722558;0.000724679962825
DE CP1(beta);eeg;DE;CP1;beta;0.000623726722563;0.000570745139033
PSD CP1(beta);eeg;PSD;CP1;beta;0.000658882819605;0.000463744139639
DE CP1(delta);eeg;DE;CP1;delta;0.00334485445359;0.00327999739643
PSD CP1(delta);eeg;PSD;CP1;delta;0.00350802634873;0.00330430826218
DE CP1(alpha);eeg;DE;CP1;alpha;0.00130898268658;0.00140264812004
PSD CP1(alpha);eeg;PSD;CP1;alpha;0.00126318464767;0.00167897590515
DE CP1(theta);eeg;DE;CP1;theta;0.000820290259627;0.000828971584796
PSD CP1(theta);eeg;PSD;CP1;theta;0.000925003491554;0.00121454629531
A/B P3;eeg;AB;P3;alpha & beta;0.00187411137164;0.00123398241774
FM P3;eeg;FM;P3;theta;0.00115713934938;0.0010477897296
DE P3(gamma);eeg;DE;P3;gamma;0.00121273509492;0.00137219210553
PSD P3(gamma);eeg;PSD;P3;gamma;0.001255947049;0.00194664418598
DE P3(beta);eeg;DE;P3;beta;0.00134818803233;0.00238469762666
PSD P3(beta);eeg;PSD;P3;beta;0.00138830300763;0.00256405045688
DE P3(delta);eeg;DE;P3;delta;0.00258912717848;0.00176686874288
PSD P3(delta);eeg;PSD;P3;delta;0.00263534403216;0.0021850715164
DE P3(alpha);eeg;DE;P3;alpha;0.00193665518075;0.00238702658339
PSD P3(alpha);eeg;PSD;P3;alpha;0.00186627472471;0.00235033570472
DE P3(theta);eeg;DE;P3;theta;0.00102009257333;0.000822649736873
PSD P3(theta);eeg;PSD;P3;theta;0.00112493637217;0.00116519762039
A/B P7;eeg;AB;P7;alpha & beta;0.00215113834565;0.00164877744744
FM P7;eeg;FM;P7;theta;0.000925081802028;0.000712523343503
DE P7(gamma);eeg;DE;P7;gamma;0.000898464165358;0.000765263036954
PSD P7(gamma);eeg;PSD;P7;gamma;0.000783488301626;0.000874472826763
DE P7(beta);eeg;DE;P7;beta;0.000852171517064;0.000827117317308
PSD P7(beta);eeg;PSD;P7;beta;0.000800746906818;0.000811428650109
DE P7(delta);eeg;DE;P7;delta;0.00235300575322;0.00207697870248
PSD P7(delta);eeg;PSD;P7;delta;0.00225700979334;0.00183025166335
DE P7(alpha);eeg;DE;P7;alpha;0.000978813441708;0.000731601596575
PSD P7(alpha);eeg;PSD;P7;alpha;0.000929452263023;0.000565263257076
DE P7(theta);eeg;DE;P7;theta;0.00085529724297;0.00068864583306
PSD P7(theta);eeg;PSD;P7;theta;0.00098754666516;0.000789449349683
A/B PO3;eeg;AB;PO3;alpha & beta;0.00207973044625;0.00194697847943
FM PO3;eeg;FM;PO3;theta;0.000901453493397;0.000557208170334
DE PO3(gamma);eeg;DE;PO3;gamma;0.000834766949215;0.000571817874928
PSD PO3(gamma);eeg;PSD;PO3;gamma;0.000826390474496;0.000623514497787
DE PO3(beta);eeg;DE;PO3;beta;0.000863816009415;0.000479977652011
PSD PO3(beta);eeg;PSD;PO3;beta;0.000780418301526;0.000460033817647
DE PO3(delta);eeg;DE;PO3;delta;0.00244017552631;0.00209948169894
PSD PO3(delta);eeg;PSD;PO3;delta;0.00230017541529;0.00206569183087
DE PO3(alpha);eeg;DE;PO3;alpha;0.00136780539232;0.00114498438822
PSD PO3(alpha);eeg;PSD;PO3;alpha;0.00137766403604;0.00107856057355
DE PO3(theta);eeg;DE;PO3;theta;0.00112352869048;0.00102336324854
PSD PO3(theta);eeg;PSD;PO3;theta;0.000872548479411;0.000643005342249
A/B O1;eeg;AB;O1;alpha & beta;0.00221314604446;0.00270677860289
FM O1;eeg;FM;O1;theta;0.00110686005426;0.00104568135521
DE O1(gamma);eeg;DE;O1;gamma;0.000723898169065;0.000531858915187
PSD O1(gamma);eeg;PSD;O1;gamma;0.000797365718597;0.000733096375958
DE O1(beta);eeg;DE;O1;beta;0.000774727884397;0.000506289739448
PSD O1(beta);eeg;PSD;O1;beta;0.000862541893376;0.000850690876223
DE O1(delta);eeg;DE;O1;delta;0.00201660501298;0.00135043610115
PSD O1(delta);eeg;PSD;O1;delta;0.00214369484404;0.00137858115867
DE O1(alpha);eeg;DE;O1;alpha;0.000982519693186;0.000595980080832
PSD O1(alpha);eeg;PSD;O1;alpha;0.00101266224323;0.000623908757783
DE O1(theta);eeg;DE;O1;theta;0.000853518543367;0.00105680958475
PSD O1(theta);eeg;PSD;O1;theta;0.000985341573128;0.00113114933538
A/B Oz;eeg;AB;Oz;alpha & beta;0.00226607869442;0.00151334521317
FM Oz;eeg;FM;Oz;theta;0.00114865293977;0.00099822850979
DE Oz(gamma);eeg;DE;Oz;gamma;0.00107935868806;0.000975270864833
PSD Oz(gamma);eeg;PSD;Oz;gamma;0.00102182412081;0.000816207585077
DE Oz(beta);eeg;DE;Oz;beta;0.00104943607471;0.000887490781672
PSD Oz(beta);eeg;PSD;Oz;beta;0.00110374364391;0.000877516802731
DE Oz(delta);eeg;DE;Oz;delta;0.00295718633202;0.00268251588826
PSD Oz(delta);eeg;PSD;Oz;delta;0.00290939514168;0.00247504272449
DE Oz(alpha);eeg;DE;Oz;alpha;0.0017636229289;0.00235236283886
PSD Oz(alpha);eeg;PSD;Oz;alpha;0.00195727243494;0.00227043362995
DE Oz(theta);eeg;DE;Oz;theta;0.00133337270226;0.00118312035037
PSD Oz(theta);eeg;PSD;Oz;theta;0.00116403006752;0.00101664821596
A/B Pz;eeg;AB;Pz;alpha & beta;0.00186721055347;0.00139721435794
FM Pz;eeg;FM;Pz;theta;0.000956917812303;0.00133380147504
DE Pz(gamma);eeg;DE;Pz;gamma;0.00078670108139;0.000544101611578
PSD Pz(gamma);eeg;PSD;Pz;gamma;0.000829952365782;0.000709071629103
DE Pz(beta);eeg;DE;Pz;beta;0.000709254354132;0.000563540813224
PSD Pz(beta);eeg;PSD;Pz;beta;0.000722177997659;0.000578462441359
DE Pz(delta);eeg;DE;Pz;delta;0.00275540292284;0.00207303736653
PSD Pz(delta);eeg;PSD;Pz;delta;0.0025872312396;0.00198714482684
DE Pz(alpha);eeg;DE;Pz;alpha;0.00142502357938;0.00171626313146
PSD Pz(alpha);eeg;PSD;Pz;alpha;0.00140084967174;0.00147925308787
DE Pz(theta);eeg;DE;Pz;theta;0.000959882873994;0.00111803982835
PSD Pz(theta);eeg;PSD;Pz;theta;0.00103252521367;0.00128842853014
A/B Fp2;eeg;AB;Fp2;alpha & beta;0.00215513167866;0.00177599632655
FM Fp2;eeg;FM;Fp2;theta;0.00099628474034;0.00109716801324
DE Fp2(gamma);eeg;DE;Fp2;gamma;0.000768425465967;0.000617343845338
PSD Fp2(gamma);eeg;PSD;Fp2;gamma;0.000811716652531;0.000663563603509
DE Fp2(beta);eeg;DE;Fp2;beta;0.00076162235234;0.000504524417405
PSD Fp2(beta);eeg;PSD;Fp2;beta;0.000716734234779;0.000493394814586
DE Fp2(delta);eeg;DE;Fp2;delta;0.00225736102418;0.00135318254884
PSD Fp2(delta);eeg;PSD;Fp2;delta;0.00231956198438;0.00147445209629
DE Fp2(alpha);eeg;DE;Fp2;alpha;0.000745947661424;0.000424247427309
PSD Fp2(alpha);eeg;PSD;Fp2;alpha;0.000992728337763;0.000649313103778
DE Fp2(theta);eeg;DE;Fp2;theta;0.000803130701036;0.000941017659483
PSD Fp2(theta);eeg;PSD;Fp2;theta;0.000819930872075;0.000790897472705
A/B AF4;eeg;AB;AF4;alpha & beta;0.00244658721134;0.00134586638047
FM AF4;eeg;FM;AF4;theta;0.00115398462139;0.00138353906639
DE AF4(gamma);eeg;DE;AF4;gamma;0.0011486885634;0.00108539719435
PSD AF4(gamma);eeg;PSD;AF4;gamma;0.000907139740128;0.000742126869856
DE AF4(beta);eeg;DE;AF4;beta;0.00104801111636;0.000973813894335
PSD AF4(beta);eeg;PSD;AF4;beta;0.00102627769453;0.000959201845119
DE AF4(delta);eeg;DE;AF4;delta;0.00227831694975;0.001631937346
PSD AF4(delta);eeg;PSD;AF4;delta;0.00229690498185;0.00194598641051
DE AF4(alpha);eeg;DE;AF4;alpha;0.00132334390431;0.00112321119794
PSD AF4(alpha);eeg;PSD;AF4;alpha;0.00135346443056;0.00117490953815
DE AF4(theta);eeg;DE;AF4;theta;0.0011804422423;0.00127756289128
PSD AF4(theta);eeg;PSD;AF4;theta;0.0011354542356;0.0012624793216
A/B Fz;eeg;AB;Fz;alpha & beta;0.00221906567185;0.00246296946153
FM Fz;eeg;FM;Fz;theta;0.000745970752205;0.00078024389397
DE Fz(gamma);eeg;DE;Fz;gamma;0.000917476501621;0.00111234779773
PSD Fz(gamma);eeg;PSD;Fz;gamma;0.000914262708865;0.00092695336411
DE Fz(beta);eeg;DE;Fz;beta;0.000849452024819;0.000915856415749
PSD Fz(beta);eeg;PSD;Fz;beta;0.000935136012471;0.00103109952844
DE Fz(delta);eeg;DE;Fz;delta;0.00243480568723;0.00182706865154
PSD Fz(delta);eeg;PSD;Fz;delta;0.0023965799413;0.00165357473393
DE Fz(alpha);eeg;DE;Fz;alpha;0.000921896483991;0.000628359915049
PSD Fz(alpha);eeg;PSD;Fz;alpha;0.000938103970842;0.000766327849316
DE Fz(theta);eeg;DE;Fz;theta;0.000853969236822;0.000972454021932
PSD Fz(theta);eeg;PSD;Fz;theta;0.000786567225685;0.000788373421034
A/B F4;eeg;AB;F4;alpha & beta;0.00155208354468;0.000759822944805
FM F4;eeg;FM;F4;theta;0.000766403911334;0.000448437329427
DE F4(gamma);eeg;DE;F4;gamma;0.000667855795552;0.000406751539978
PSD F4(gamma);eeg;PSD;F4;gamma;0.000633916558812;0.000382249787512
DE F4(beta);eeg;DE;F4;beta;0.000663070912958;0.000448762135561
PSD F4(beta);eeg;PSD;F4;beta;0.000658051762768;0.000371728350565
DE F4(delta);eeg;DE;F4;delta;0.00195962624101;0.000938733936375
PSD F4(delta);eeg;PSD;F4;delta;0.0016830970707;0.00103992055144
DE F4(alpha);eeg;DE;F4;alpha;0.000893513394131;0.000648316663826
PSD F4(alpha);eeg;PSD;F4;alpha;0.000950217402183;0.000552173354491
DE F4(theta);eeg;DE;F4;theta;0.000768388243378;0.000451699781656
PSD F4(theta);eeg;PSD;F4;theta;0.00065695691588;0.000516988730852
A/B F8;eeg;AB;F8;alpha & beta;0.00194106718046;0.0023517802456
FM F8;eeg;FM;F8;theta;0.0010860717198;0.00133388304269
DE F8(gamma);eeg;DE;F8;gamma;0.000774135773903;0.00075929435119
PSD F8(gamma);eeg;PSD;F8;gamma;0.000879212249134;0.000869812772281
DE F8(beta);eeg;DE;F8;beta;0.000854763844334;0.000869771799439
PSD F8(beta);eeg;PSD;F8;beta;0.000825441240516;0.000780515349018
DE F8(delta);eeg;DE;F8;delta;0.00249033044203;0.00174569404796
PSD F8(delta);eeg;PSD;F8;delta;0.00236055613824;0.00178926129059
DE F8(alpha);eeg;DE;F8;alpha;0.00100765254592;0.000711761438882
PSD F8(alpha);eeg;PSD;F8;alpha;0.000948755613225;0.000641890292506
DE F8(theta);eeg;DE;F8;theta;0.00108661212438;0.00115858037283
PSD F8(theta);eeg;PSD;F8;theta;0.00113766405128;0.000996995001217
A/B FC6;eeg;AB;FC6;alpha & beta;0.00268589795299;0.00260171366972
FM FC6;eeg;FM;FC6;theta;0.000729561345639;0.000452066062608
DE FC6(gamma);eeg;DE;FC6;gamma;0.000727364681796;0.000558485020731
PSD FC6(gamma);eeg;PSD;FC6;gamma;0.000711742348718;0.000620647147938
DE FC6(beta);eeg;DE;FC6;beta;0.000984851753149;0.000856371454195
PSD FC6(beta);eeg;PSD;FC6;beta;0.000921656372681;0.000712803864957
DE FC6(delta);eeg;DE;FC6;delta;0.00229135937853;0.0018181186648
PSD FC6(delta);eeg;PSD;FC6;delta;0.00224056356575;0.00185566590391
DE FC6(alpha);eeg;DE;FC6;alpha;0.000976107485722;0.000608918208126
PSD FC6(alpha);eeg;PSD;FC6;alpha;0.00113957359023;0.000801284885982
DE FC6(theta);eeg;DE;FC6;theta;0.000857793412328;0.000711077745822
PSD FC6(theta);eeg;PSD;FC6;theta;0.000749714007592;0.000603831549453
A/B FC2;eeg;AB;FC2;alpha & beta;0.00215857995398;0.00211839350031
FM FC2;eeg;FM;FC2;theta;0.00124780068316;0.00142224093105
DE FC2(gamma);eeg;DE;FC2;gamma;0.00106313884624;0.000921000508543
PSD FC2(gamma);eeg;PSD;FC2;gamma;0.00100801485823;0.000775116765376
DE FC2(beta);eeg;DE;FC2;beta;0.00101604255896;0.00081354648535
PSD FC2(beta);eeg;PSD;FC2;beta;0.00100148147818;0.000998806169871
DE FC2(delta);eeg;DE;FC2;delta;0.00223463652067;0.00192337879795
PSD FC2(delta);eeg;PSD;FC2;delta;0.00233531480579;0.00183707878761
DE FC2(alpha);eeg;DE;FC2;alpha;0.00151987085849;0.00177323730026
PSD FC2(alpha);eeg;PSD;FC2;alpha;0.00146174449102;0.00159035718536
DE FC2(theta);eeg;DE;FC2;theta;0.00129093671679;0.00158602501357
PSD FC2(theta);eeg;PSD;FC2;theta;0.00115174095439;0.00109413955267
A/B Cz;eeg;AB;Cz;alpha & beta;0.00199566316425;0.00127771787969
FM Cz;eeg;FM;Cz;theta;0.00120890600029;0.00137449798008
DE Cz(gamma);eeg;DE;Cz;gamma;0.000856908713546;0.000731516672057
PSD Cz(gamma);eeg;PSD;Cz;gamma;0.000916879149196;0.000816561303507
DE Cz(beta);eeg;DE;Cz;beta;0.000941240858775;0.00094802188281
PSD Cz(beta);eeg;PSD;Cz;beta;0.000984131208229;0.00118220214648
DE Cz(delta);eeg;DE;Cz;delta;0.00354703294633;0.00440769313324
PSD Cz(delta);eeg;PSD;Cz;delta;0.00322172039339;0.00408265096498
DE Cz(alpha);eeg;DE;Cz;alpha;0.00145169810699;0.00143783394636
PSD Cz(alpha);eeg;PSD;Cz;alpha;0.00138567731611;0.00162203105645
DE Cz(theta);eeg;DE;Cz;theta;0.0011177893761;0.00114554963368
PSD Cz(theta);eeg;PSD;Cz;theta;0.00115828666648;0.00107416665964
A/B C4;eeg;AB;C4;alpha & beta;0.00182318775042;0.00117470568955
FM C4;eeg;FM;C4;theta;0.00107471840815;0.00130996976601
DE C4(gamma);eeg;DE;C4;gamma;0.00100385928953;0.00132818034337
PSD C4(gamma);eeg;PSD;C4;gamma;0.00104089262803;0.00146319261621
DE C4(beta);eeg;DE;C4;beta;0.00109973847148;0.00159013517003
PSD C4(beta);eeg;PSD;C4;beta;0.00101310329851;0.00144666141138
DE C4(delta);eeg;DE;C4;delta;0.00284765393538;0.00219647125359
PSD C4(delta);eeg;PSD;C4;delta;0.00301872109643;0.00227449358397
DE C4(alpha);eeg;DE;C4;alpha;0.00178528570357;0.00184927922291
PSD C4(alpha);eeg;PSD;C4;alpha;0.00160183565584;0.00175339320799
DE C4(theta);eeg;DE;C4;theta;0.00108084640824;0.00177803336595
PSD C4(theta);eeg;PSD;C4;theta;0.00098870231274;0.00152713444009
A/B T8;eeg;AB;T8;alpha & beta;0.00211182048353;0.00144085766354
FM T8;eeg;FM;T8;theta;0.000984326129455;0.0008602594507
DE T8(gamma);eeg;DE;T8;gamma;0.00083263523978;0.000719589370817
PSD T8(gamma);eeg;PSD;T8;gamma;0.000746668663416;0.000665496060128
DE T8(beta);eeg;DE;T8;beta;0.000957729532774;0.000961765072544
PSD T8(beta);eeg;PSD;T8;beta;0.000884369023173;0.00072676475818
DE T8(delta);eeg;DE;T8;delta;0.00227992620998;0.00222020699678
PSD T8(delta);eeg;PSD;T8;delta;0.00219680588004;0.00199016298434
DE T8(alpha);eeg;DE;T8;alpha;0.00111563654445;0.00136545879039
PSD T8(alpha);eeg;PSD;T8;alpha;0.00116678521295;0.00126190019076
DE T8(theta);eeg;DE;T8;theta;0.00103613424477;0.00105104248087
PSD T8(theta);eeg;PSD;T8;theta;0.000934493135704;0.000819943458107
A/B CP6;eeg;AB;CP6;alpha & beta;0.00215842254807;0.00205546509346
FM CP6;eeg;FM;CP6;theta;0.00105408202593;0.00113362307774
DE CP6(gamma);eeg;DE;CP6;gamma;0.000980036762306;0.00101689625371
PSD CP6(gamma);eeg;PSD;CP6;gamma;0.00099025672262;0.00088840656347
DE CP6(beta);eeg;DE;CP6;beta;0.00099536110829;0.000888450909332
PSD CP6(beta);eeg;PSD;CP6;beta;0.000979503061744;0.000987602716912
DE CP6(delta);eeg;DE;CP6;delta;0.00203163894204;0.00111944303743
PSD CP6(delta);eeg;PSD;CP6;delta;0.00184137786566;0.00104191908506
DE CP6(alpha);eeg;DE;CP6;alpha;0.00118289619077;0.000875602508197
PSD CP6(alpha);eeg;PSD;CP6;alpha;0.00115985369323;0.000802611453901
DE CP6(theta);eeg;DE;CP6;theta;0.00101410677531;0.00107704265072
PSD CP6(theta);eeg;PSD;CP6;theta;0.00111312991861;0.00117804358022
A/B CP2;eeg;AB;CP2;alpha & beta;0.00219472607854;0.0019424507498
FM CP2;eeg;FM;CP2;theta;0.000925401864047;0.00105073319195
DE CP2(gamma);eeg;DE;CP2;gamma;0.000737047430865;0.000710096596143
PSD CP2(gamma);eeg;PSD;CP2;gamma;0.000810073810642;0.000898706346162
DE CP2(beta);eeg;DE;CP2;beta;0.00084198554889;0.000818039789601
PSD CP2(beta);eeg;PSD;CP2;beta;0.000842021739125;0.00114682459276
DE CP2(delta);eeg;DE;CP2;delta;0.00247379707824;0.00187125887784
PSD CP2(delta);eeg;PSD;CP2;delta;0.00234859046409;0.00149333800227
DE CP2(alpha);eeg;DE;CP2;alpha;0.00100114020865;0.00073830916024
PSD CP2(alpha);eeg;PSD;CP2;alpha;0.000912032103138;0.000793654784712
DE CP2(theta);eeg;DE;CP2;theta;0.000831753739669;0.00117937081668
PSD CP2(theta);eeg;PSD;CP2;theta;0.000790989801563;0.000969925134969
A/B P4;eeg;AB;P4;alpha & beta;0.00206428446624;0.00157281577826
FM P4;eeg;FM;P4;theta;0.000931588434717;0.00140447284061
DE P4(gamma);eeg;DE;P4;gamma;0.000875608689237;0.000815196714443
PSD P4(gamma);eeg;PSD;P4;gamma;0.000802345897321;0.000733832401864
DE P4(beta);eeg;DE;P4;beta;0.000738309828128;0.000532888459683
PSD P4(beta);eeg;PSD;P4;beta;0.000845380528241;0.000543250789442
DE P4(delta);eeg;DE;P4;delta;0.00269321738666;0.00220077131224
PSD P4(delta);eeg;PSD;P4;delta;0.003073828842;0.00253491721221
DE P4(alpha);eeg;DE;P4;alpha;0.00119263979704;0.000977944649286
PSD P4(alpha);eeg;PSD;P4;alpha;0.00111569581888;0.00136742198861
DE P4(theta);eeg;DE;P4;theta;0.000880249684775;0.00104375264532
PSD P4(theta);eeg;PSD;P4;theta;0.000921964191095;0.000975631721007
A/B P8;eeg;AB;P8;alpha & beta;0.00158160974424;0.00115165583706
FM P8;eeg;FM;P8;theta;0.000940563261178;0.000715641090865
DE P8(gamma);eeg;DE;P8;gamma;0.00106316486363;0.00117267147758
PSD P8(gamma);eeg;PSD;P8;gamma;0.000910212077126;0.000903898828527
DE P8(beta);eeg;DE;P8;beta;0.0010560217902;0.00110273812784
PSD P8(beta);eeg;PSD;P8;beta;0.00107521044341;0.000963468176383
DE P8(delta);eeg;DE;P8;delta;0.0019044608828;0.00119416153063
PSD P8(delta);eeg;PSD;P8;delta;0.00201338426035;0.00134671394116
DE P8(alpha);eeg;DE;P8;alpha;0.00158209418902;0.00166637841914
PSD P8(alpha);eeg;PSD;P8;alpha;0.0015434102335;0.00162500803559
DE P8(theta);eeg;DE;P8;theta;0.000969792597506;0.000846960036689
PSD P8(theta);eeg;PSD;P8;theta;0.000966565283546;0.000738972536879
A/B PO4;eeg;AB;PO4;alpha & beta;0.00190457727546;0.00155862858965
FM PO4;eeg;FM;PO4;theta;0.00110984010459;0.00132978993462
DE PO4(gamma);eeg;DE;PO4;gamma;0.000880234974636;0.0011227029876
PSD PO4(gamma);eeg;PSD;PO4;gamma;0.00091935994546;0.00102118085367
DE PO4(beta);eeg;DE;PO4;beta;0.000886116704865;0.0009549714668
PSD PO4(beta);eeg;PSD;PO4;beta;0.000882078112104;0.000966404264346
DE PO4(delta);eeg;DE;PO4;delta;0.00245306182542;0.00162485389987
PSD PO4(delta);eeg;PSD;PO4;delta;0.00258599459242;0.00189096891862
DE PO4(alpha);eeg;DE;PO4;alpha;0.00148719071947;0.00155216975954
PSD PO4(alpha);eeg;PSD;PO4;alpha;0.00138284698175;0.00146422454907
DE PO4(theta);eeg;DE;PO4;theta;0.000991569380359;0.00132017106962
PSD PO4(theta);eeg;PSD;PO4;theta;0.001036664406;0.00140462932967
A/B O2;eeg;AB;O2;alpha & beta;0.00191987179537;0.00116566010864
FM O2;eeg;FM;O2;theta;0.00117958219234;0.00105630316619
DE O2(gamma);eeg;DE;O2;gamma;0.00104698893193;0.00114284264593
PSD O2(gamma);eeg;PSD;O2;gamma;0.00108339699393;0.00111632668201
DE O2(beta);eeg;DE;O2;beta;0.00105085295931;0.000967578338856
PSD O2(beta);eeg;PSD;O2;beta;0.000988222023524;0.000790831525847
DE O2(delta);eeg;DE;O2;delta;0.00174667082301;0.000981221522194
PSD O2(delta);eeg;PSD;O2;delta;0.00186643510731;0.0015229141317
DE O2(alpha);eeg;DE;O2;alpha;0.00118077014338;0.00109949794556
PSD O2(alpha);eeg;PSD;O2;alpha;0.00125865905704;0.00114307464734
DE O2(theta);eeg;DE;O2;theta;0.00132813500873;0.00139592314208
PSD O2(theta);eeg;PSD;O2;theta;0.00129205369378;0.00117307575191
LR Fp1,Fp2;eeg;LminR;['Fp1', 'Fp2'];alpha;0.00192738490126;0.00171932117913
DASM Fp1,Fp2;eeg;DASM;['Fp1', 'Fp2'];gamma;0.00185838342455;0.00114046209878
RASM Fp1,Fp2;eeg;RASM;['Fp1', 'Fp2'];gamma;0.00195779458752;0.00152468478314
DASM Fp1,Fp2;eeg;DASM;['Fp1', 'Fp2'];beta;0.00194386177994;0.00123644724656
RASM Fp1,Fp2;eeg;RASM;['Fp1', 'Fp2'];beta;0.00194289816644;0.00167024594672
DASM Fp1,Fp2;eeg;DASM;['Fp1', 'Fp2'];delta;0.00244056403886;0.00158782412763
RASM Fp1,Fp2;eeg;RASM;['Fp1', 'Fp2'];delta;0.00225042471748;0.00128415443788
DASM Fp1,Fp2;eeg;DASM;['Fp1', 'Fp2'];alpha;0.0020989908997;0.00186121229719
RASM Fp1,Fp2;eeg;RASM;['Fp1', 'Fp2'];alpha;0.00222455444801;0.00268427716533
DASM Fp1,Fp2;eeg;DASM;['Fp1', 'Fp2'];theta;0.00201344666113;0.00151373213969
RASM Fp1,Fp2;eeg;RASM;['Fp1', 'Fp2'];theta;0.00159609242175;0.00133267965863
LR AF3,AF4;eeg;LminR;['AF3', 'AF4'];alpha;0.00142729178059;0.00172406120232
DASM AF3,AF4;eeg;DASM;['AF3', 'AF4'];gamma;0.00153263457504;0.00147406494487
RASM AF3,AF4;eeg;RASM;['AF3', 'AF4'];gamma;0.00149965502235;0.00142373890275
DASM AF3,AF4;eeg;DASM;['AF3', 'AF4'];beta;0.00137244081831;0.00166873160019
RASM AF3,AF4;eeg;RASM;['AF3', 'AF4'];beta;0.00140096347581;0.00213258664987
DASM AF3,AF4;eeg;DASM;['AF3', 'AF4'];delta;0.00238244533127;0.00168707106809
RASM AF3,AF4;eeg;RASM;['AF3', 'AF4'];delta;0.00238168481229;0.00159457636175
DASM AF3,AF4;eeg;DASM;['AF3', 'AF4'];alpha;0.00159088889909;0.00233181385169
RASM AF3,AF4;eeg;RASM;['AF3', 'AF4'];alpha;0.0016666370305;0.00246108808009
DASM AF3,AF4;eeg;DASM;['AF3', 'AF4'];theta;0.00182273792102;0.00275275945821
RASM AF3,AF4;eeg;RASM;['AF3', 'AF4'];theta;0.00171921434576;0.00227849238787
LR F3,F4;eeg;LminR;['F3', 'F4'];alpha;0.00206400855957;0.00170951638468
DASM F3,F4;eeg;DASM;['F3', 'F4'];gamma;0.00168494665277;0.00126670819447
RASM F3,F4;eeg;RASM;['F3', 'F4'];gamma;0.00149961627524;0.00113810225531
DASM F3,F4;eeg;DASM;['F3', 'F4'];beta;0.00175919781325;0.00142225747748
RASM F3,F4;eeg;RASM;['F3', 'F4'];beta;0.00142711765664;0.00104210854824
DASM F3,F4;eeg;DASM;['F3', 'F4'];delta;0.00226047107503;0.00139158201465
RASM F3,F4;eeg;RASM;['F3', 'F4'];delta;0.00223715460732;0.00144603194542
DASM F3,F4;eeg;DASM;['F3', 'F4'];alpha;0.00197437598288;0.00162710039538
RASM F3,F4;eeg;RASM;['F3', 'F4'];alpha;0.00188997715181;0.00147575785159
DASM F3,F4;eeg;DASM;['F3', 'F4'];theta;0.00160923900034;0.00156349257744
RASM F3,F4;eeg;RASM;['F3', 'F4'];theta;0.00157871640122;0.00156526646286
LR F7,F8;eeg;LminR;['F7', 'F8'];alpha;0.00194686676642;0.00250547370427
DASM F7,F8;eeg;DASM;['F7', 'F8'];gamma;0.00176914523857;0.00186072840297
RASM F7,F8;eeg;RASM;['F7', 'F8'];gamma;0.00156716902599;0.00109708646817
DASM F7,F8;eeg;DASM;['F7', 'F8'];beta;0.00172185444424;0.00186419847549
RASM F7,F8;eeg;RASM;['F7', 'F8'];beta;0.00155356037629;0.00160643168664
DASM F7,F8;eeg;DASM;['F7', 'F8'];delta;0.00223296101089;0.00150437090047
RASM F7,F8;eeg;RASM;['F7', 'F8'];delta;0.00209656072783;0.00136761634893
DASM F7,F8;eeg;DASM;['F7', 'F8'];alpha;0.0018604490276;0.00225827733859
RASM F7,F8;eeg;RASM;['F7', 'F8'];alpha;0.00213181180686;0.00308542110914
DASM F7,F8;eeg;DASM;['F7', 'F8'];theta;0.00169008760393;0.00147441465116
RASM F7,F8;eeg;RASM;['F7', 'F8'];theta;0.00122520990375;0.000687717401724
LR FC5,FC6;eeg;LminR;['FC5', 'FC6'];alpha;0.00184280763115;0.00208210640511
DASM FC5,FC6;eeg;DASM;['FC5', 'FC6'];gamma;0.00137657906964;0.000746926124136
RASM FC5,FC6;eeg;RASM;['FC5', 'FC6'];gamma;0.00115343216637;0.000617583429455
DASM FC5,FC6;eeg;DASM;['FC5', 'FC6'];beta;0.00126037565956;0.000652415150617
RASM FC5,FC6;eeg;RASM;['FC5', 'FC6'];beta;0.00132184766633;0.000688496348626
DASM FC5,FC6;eeg;DASM;['FC5', 'FC6'];delta;0.00200039202191;0.00121623379347
RASM FC5,FC6;eeg;RASM;['FC5', 'FC6'];delta;0.00217229769603;0.00126401729713
DASM FC5,FC6;eeg;DASM;['FC5', 'FC6'];alpha;0.00179088290938;0.00170849080316
RASM FC5,FC6;eeg;RASM;['FC5', 'FC6'];alpha;0.00190359468725;0.00198268329343
DASM FC5,FC6;eeg;DASM;['FC5', 'FC6'];theta;0.00126800594988;0.000507029967167
RASM FC5,FC6;eeg;RASM;['FC5', 'FC6'];theta;0.000949111280624;0.000598034652697
LR FC1,FC2;eeg;LminR;['FC1', 'FC2'];alpha;0.00248157703544;0.00371023239286
DASM FC1,FC2;eeg;DASM;['FC1', 'FC2'];gamma;0.00159862566407;0.00179868010154
RASM FC1,FC2;eeg;RASM;['FC1', 'FC2'];gamma;0.00130977476826;0.00138325544112
DASM FC1,FC2;eeg;DASM;['FC1', 'FC2'];beta;0.00163663494685;0.00185717442042
RASM FC1,FC2;eeg;RASM;['FC1', 'FC2'];beta;0.00144513687284;0.00158465440123
DASM FC1,FC2;eeg;DASM;['FC1', 'FC2'];delta;0.00242014958135;0.00229202317126
RASM FC1,FC2;eeg;RASM;['FC1', 'FC2'];delta;0.00260571059486;0.00284617171431
DASM FC1,FC2;eeg;DASM;['FC1', 'FC2'];alpha;0.00220644663248;0.00289986174061
RASM FC1,FC2;eeg;RASM;['FC1', 'FC2'];alpha;0.00219658225786;0.00287535106348
DASM FC1,FC2;eeg;DASM;['FC1', 'FC2'];theta;0.00156439706728;0.00132250125085
RASM FC1,FC2;eeg;RASM;['FC1', 'FC2'];theta;0.00129763021781;0.00109530789216
LR C3,C4;eeg;LminR;['C3', 'C4'];alpha;0.00171121241846;0.00133637942271
DASM C3,C4;eeg;DASM;['C3', 'C4'];gamma;0.00175963500651;0.00187489661777
RASM C3,C4;eeg;RASM;['C3', 'C4'];gamma;0.00157689442806;0.00167526558677
DASM C3,C4;eeg;DASM;['C3', 'C4'];beta;0.00181151029569;0.00193684119705
RASM C3,C4;eeg;RASM;['C3', 'C4'];beta;0.00154754067503;0.0016821587825
DASM C3,C4;eeg;DASM;['C3', 'C4'];delta;0.00242075016901;0.00179712706333
RASM C3,C4;eeg;RASM;['C3', 'C4'];delta;0.00246209219565;0.00153112129448
DASM C3,C4;eeg;DASM;['C3', 'C4'];alpha;0.00187673374612;0.0014447227351
RASM C3,C4;eeg;RASM;['C3', 'C4'];alpha;0.00211981587497;0.00198058217993
DASM C3,C4;eeg;DASM;['C3', 'C4'];theta;0.00150123883047;0.00101978225819
RASM C3,C4;eeg;RASM;['C3', 'C4'];theta;0.0011367206742;0.00113965854186
LR T7,T8;eeg;LminR;['T7', 'T8'];alpha;0.00178261413536;0.0014748935316
DASM T7,T8;eeg;DASM;['T7', 'T8'];gamma;0.00172615465608;0.00189258171397
RASM T7,T8;eeg;RASM;['T7', 'T8'];gamma;0.00177713424626;0.00174418527991
DASM T7,T8;eeg;DASM;['T7', 'T8'];beta;0.00172245790986;0.00190643575801
RASM T7,T8;eeg;RASM;['T7', 'T8'];beta;0.00188475466345;0.00245935593289
DASM T7,T8;eeg;DASM;['T7', 'T8'];delta;0.00218776309627;0.00142577348533
RASM T7,T8;eeg;RASM;['T7', 'T8'];delta;0.0022321560633;0.00127069927929
DASM T7,T8;eeg;DASM;['T7', 'T8'];alpha;0.00181571786957;0.00147042439704
RASM T7,T8;eeg;RASM;['T7', 'T8'];alpha;0.00170745171083;0.00124088879083
DASM T7,T8;eeg;DASM;['T7', 'T8'];theta;0.00183699452445;0.0016634423893
RASM T7,T8;eeg;RASM;['T7', 'T8'];theta;0.00175227746647;0.00199793003038
LR CP5,CP6;eeg;LminR;['CP5', 'CP6'];alpha;0.00214522349094;0.00170420764938
DASM CP5,CP6;eeg;DASM;['CP5', 'CP6'];gamma;0.00141709957698;0.00081531542634
RASM CP5,CP6;eeg;RASM;['CP5', 'CP6'];gamma;0.00155655045029;0.000981694617299
DASM CP5,CP6;eeg;DASM;['CP5', 'CP6'];beta;0.00139804573597;0.000848478920515
RASM CP5,CP6;eeg;RASM;['CP5', 'CP6'];beta;0.00152731152762;0.00112719634098
DASM CP5,CP6;eeg;DASM;['CP5', 'CP6'];delta;0.00210991509858;0.0014038444715
RASM CP5,CP6;eeg;RASM;['CP5', 'CP6'];delta;0.002224226031;0.00130893618749
DASM CP5,CP6;eeg;DASM;['CP5', 'CP6'];alpha;0.00206585747681;0.00198335380699
RASM CP5,CP6;eeg;RASM;['CP5', 'CP6'];alpha;0.0022173351566;0.00206288434717
DASM CP5,CP6;eeg;DASM;['CP5', 'CP6'];theta;0.00138751520358;0.00109198296711
RASM CP5,CP6;eeg;RASM;['CP5', 'CP6'];theta;0.00119996041039;0.000841837651557
LR CP1,CP2;eeg;LminR;['CP1', 'CP2'];alpha;0.00209454307239;0.00188940635999
DASM CP1,CP2;eeg;DASM;['CP1', 'CP2'];gamma;0.00126275542324;0.000882586393808
RASM CP1,CP2;eeg;RASM;['CP1', 'CP2'];gamma;0.00142970192575;0.000888482096439
DASM CP1,CP2;eeg;DASM;['CP1', 'CP2'];beta;0.00128591586454;0.00093134200932
RASM CP1,CP2;eeg;RASM;['CP1', 'CP2'];beta;0.00145503494149;0.0011988740703
DASM CP1,CP2;eeg;DASM;['CP1', 'CP2'];delta;0.0026016922047;0.0017540429179
RASM CP1,CP2;eeg;RASM;['CP1', 'CP2'];delta;0.00268341826628;0.00236269484038
DASM CP1,CP2;eeg;DASM;['CP1', 'CP2'];alpha;0.00187678460529;0.00154245858134
RASM CP1,CP2;eeg;RASM;['CP1', 'CP2'];alpha;0.00213082028184;0.00186502357811
DASM CP1,CP2;eeg;DASM;['CP1', 'CP2'];theta;0.00160370107543;0.00198788769862
RASM CP1,CP2;eeg;RASM;['CP1', 'CP2'];theta;0.00142205083238;0.00168090846199
LR P3,P4;eeg;LminR;['P3', 'P4'];alpha;0.00237519583274;0.00264141555573
DASM P3,P4;eeg;DASM;['P3', 'P4'];gamma;0.00184727363786;0.00159673243229
RASM P3,P4;eeg;RASM;['P3', 'P4'];gamma;0.00163037196216;0.00126103046093
DASM P3,P4;eeg;DASM;['P3', 'P4'];beta;0.00191185279973;0.00151115257713
RASM P3,P4;eeg;RASM;['P3', 'P4'];beta;0.00173671350227;0.0013581868139
DASM P3,P4;eeg;DASM;['P3', 'P4'];delta;0.00265981336552;0.00165500211334
RASM P3,P4;eeg;RASM;['P3', 'P4'];delta;0.00279021892975;0.00221038303309
DASM P3,P4;eeg;DASM;['P3', 'P4'];alpha;0.00249933652055;0.0026319635342
RASM P3,P4;eeg;RASM;['P3', 'P4'];alpha;0.00261245263582;0.00280437454943
DASM P3,P4;eeg;DASM;['P3', 'P4'];theta;0.00206145574305;0.00220026198705
RASM P3,P4;eeg;RASM;['P3', 'P4'];theta;0.00163250547258;0.00175222056539
LR P7,P8;eeg;LminR;['P7', 'P8'];alpha;0.00187025150384;0.00182986917432
DASM P7,P8;eeg;DASM;['P7', 'P8'];gamma;0.00209616100033;0.00191667490159
RASM P7,P8;eeg;RASM;['P7', 'P8'];gamma;0.00190637156959;0.00120837683645
DASM P7,P8;eeg;DASM;['P7', 'P8'];beta;0.00206001930522;0.00167905509891
RASM P7,P8;eeg;RASM;['P7', 'P8'];beta;0.00199024762091;0.00141682622979
DASM P7,P8;eeg;DASM;['P7', 'P8'];delta;0.00238183455523;0.00171476510923
RASM P7,P8;eeg;RASM;['P7', 'P8'];delta;0.00225884516129;0.00136811744289
DASM P7,P8;eeg;DASM;['P7', 'P8'];alpha;0.00194185616305;0.00183639624439
RASM P7,P8;eeg;RASM;['P7', 'P8'];alpha;0.00195182130356;0.00175169979062
DASM P7,P8;eeg;DASM;['P7', 'P8'];theta;0.00202618000335;0.00144632771655
RASM P7,P8;eeg;RASM;['P7', 'P8'];theta;0.00162478013309;0.00167978222048
LR PO3,PO4;eeg;LminR;['PO3', 'PO4'];alpha;0.00180544788406;0.00170348032526
DASM PO3,PO4;eeg;DASM;['PO3', 'PO4'];gamma;0.0013648379855;0.00117377000601
RASM PO3,PO4;eeg;RASM;['PO3', 'PO4'];gamma;0.00148090716781;0.00119519916672
DASM PO3,PO4;eeg;DASM;['PO3', 'PO4'];beta;0.00152246275544;0.000962148955528
RASM PO3,PO4;eeg;RASM;['PO3', 'PO4'];beta;0.00172275022556;0.00133787955409
DASM PO3,PO4;eeg;DASM;['PO3', 'PO4'];delta;0.00221188535041;0.00154265441916
RASM PO3,PO4;eeg;RASM;['PO3', 'PO4'];delta;0.00226897443085;0.00140795438658
DASM PO3,PO4;eeg;DASM;['PO3', 'PO4'];alpha;0.00170249413459;0.00153432366033
RASM PO3,PO4;eeg;RASM;['PO3', 'PO4'];alpha;0.00210814635741;0.00144339805769
DASM PO3,PO4;eeg;DASM;['PO3', 'PO4'];theta;0.00159537559754;0.00110317507383
RASM PO3,PO4;eeg;RASM;['PO3', 'PO4'];theta;0.00134952828144;0.00105019415541
DCAU FC5,CP5;eeg;DCAU;['FC5', 'CP5'];gamma;0.00149618555156;0.000989902330395
RCAU FC5,CP5;eeg;RCAU;['FC5', 'CP5'];gamma;0.00168185046684;0.00131505090759
DCAU FC5,CP5;eeg;DCAU;['FC5', 'CP5'];beta;0.0016215043363;0.00124241444644
RCAU FC5,CP5;eeg;RCAU;['FC5', 'CP5'];beta;0.00152315952566;0.00109540896461
DCAU FC5,CP5;eeg;DCAU;['FC5', 'CP5'];delta;0.00220756924539;0.0014723725661
RCAU FC5,CP5;eeg;RCAU;['FC5', 'CP5'];delta;0.0021146035881;0.00135390571333
DCAU FC5,CP5;eeg;DCAU;['FC5', 'CP5'];alpha;0.00229196856964;0.00231932975091
RCAU FC5,CP5;eeg;RCAU;['FC5', 'CP5'];alpha;0.00208488449832;0.00197081219816
DCAU FC5,CP5;eeg;DCAU;['FC5', 'CP5'];theta;0.00143790142514;0.00076649909577
RCAU FC5,CP5;eeg;RCAU;['FC5', 'CP5'];theta;0.00167416981826;0.00160650250784
DCAU FC1,CP1;eeg;DCAU;['FC1', 'CP1'];gamma;0.00149965981981;0.00133302189177
RCAU FC1,CP1;eeg;RCAU;['FC1', 'CP1'];gamma;0.0013424688585;0.000965025908343
DCAU FC1,CP1;eeg;DCAU;['FC1', 'CP1'];beta;0.00155230502366;0.00133335065104
RCAU FC1,CP1;eeg;RCAU;['FC1', 'CP1'];beta;0.00154143503924;0.00113176597667
DCAU FC1,CP1;eeg;DCAU;['FC1', 'CP1'];delta;0.00229654954291;0.0016509422555
RCAU FC1,CP1;eeg;RCAU;['FC1', 'CP1'];delta;0.00233520290741;0.00159141386316
DCAU FC1,CP1;eeg;DCAU;['FC1', 'CP1'];alpha;0.0016352922041;0.00150896112653
RCAU FC1,CP1;eeg;RCAU;['FC1', 'CP1'];alpha;0.00174524430046;0.00151317493579
DCAU FC1,CP1;eeg;DCAU;['FC1', 'CP1'];theta;0.00138613911428;0.00119627108924
RCAU FC1,CP1;eeg;RCAU;['FC1', 'CP1'];theta;0.00125626040381;0.00135525058141
DCAU FC2,CP2;eeg;DCAU;['FC2', 'CP2'];gamma;0.00179096772562;0.00187491087818
RCAU FC2,CP2;eeg;RCAU;['FC2', 'CP2'];gamma;0.00194496623156;0.00191001946986
DCAU FC2,CP2;eeg;DCAU;['FC2', 'CP2'];beta;0.00178090902574;0.00167485394822
RCAU FC2,CP2;eeg;RCAU;['FC2', 'CP2'];beta;0.00172580890198;0.00182712889843
DCAU FC2,CP2;eeg;DCAU;['FC2', 'CP2'];delta;0.00248528239168;0.00152408275541
RCAU FC2,CP2;eeg;RCAU;['FC2', 'CP2'];delta;0.00256680553257;0.00166808576041
DCAU FC2,CP2;eeg;DCAU;['FC2', 'CP2'];alpha;0.00184336875853;0.00178742459676
RCAU FC2,CP2;eeg;RCAU;['FC2', 'CP2'];alpha;0.00178943401001;0.00171393359138
DCAU FC2,CP2;eeg;DCAU;['FC2', 'CP2'];theta;0.00170299938517;0.00179064048376
RCAU FC2,CP2;eeg;RCAU;['FC2', 'CP2'];theta;0.00129492100499;0.00116100114981
DCAU FC6,CP6;eeg;DCAU;['FC6', 'CP6'];gamma;0.00117042296273;0.00107370071176
RCAU FC6,CP6;eeg;RCAU;['FC6', 'CP6'];gamma;0.00119535510365;0.000568173713799
DCAU FC6,CP6;eeg;DCAU;['FC6', 'CP6'];beta;0.00110399030467;0.000731194280397
RCAU FC6,CP6;eeg;RCAU;['FC6', 'CP6'];beta;0.00119526183602;0.000812828410425
DCAU FC6,CP6;eeg;DCAU;['FC6', 'CP6'];delta;0.00221655520876;0.00195424760712
RCAU FC6,CP6;eeg;RCAU;['FC6', 'CP6'];delta;0.00206349755383;0.00162584681118
DCAU FC6,CP6;eeg;DCAU;['FC6', 'CP6'];alpha;0.00150681787988;0.00118061055923
RCAU FC6,CP6;eeg;RCAU;['FC6', 'CP6'];alpha;0.00159399588736;0.00145189018053
DCAU FC6,CP6;eeg;DCAU;['FC6', 'CP6'];theta;0.0013558747211;0.00085698414235
RCAU FC6,CP6;eeg;RCAU;['FC6', 'CP6'];theta;0.00126333446505;0.000899917914219
DCAU F7,P7;eeg;DCAU;['F7', 'P7'];gamma;0.00147423903645;0.000989516855999
RCAU F7,P7;eeg;RCAU;['F7', 'P7'];gamma;0.00128360663054;0.000871767144254
DCAU F7,P7;eeg;DCAU;['F7', 'P7'];beta;0.00144801574561;0.00100185810045
RCAU F7,P7;eeg;RCAU;['F7', 'P7'];beta;0.00119025979863;0.000715352484752
DCAU F7,P7;eeg;DCAU;['F7', 'P7'];delta;0.00193171606262;0.000983847301581
RCAU F7,P7;eeg;RCAU;['F7', 'P7'];delta;0.00177911873191;0.00106240563456
DCAU F7,P7;eeg;DCAU;['F7', 'P7'];alpha;0.00145854951045;0.000902554715172
RCAU F7,P7;eeg;RCAU;['F7', 'P7'];alpha;0.00127410442444;0.000831542821207
DCAU F7,P7;eeg;DCAU;['F7', 'P7'];theta;0.00139053621248;0.00114772234994
RCAU F7,P7;eeg;RCAU;['F7', 'P7'];theta;0.00118347890257;0.000771778729408
DCAU F3,P3;eeg;DCAU;['F3', 'P3'];gamma;0.00165032733135;0.00103821853191
RCAU F3,P3;eeg;RCAU;['F3', 'P3'];gamma;0.00155526780272;0.0010390053205
DCAU F3,P3;eeg;DCAU;['F3', 'P3'];beta;0.00150102106868;0.000796085998785
RCAU F3,P3;eeg;RCAU;['F3', 'P3'];beta;0.00168398378135;0.00123361917127
DCAU F3,P3;eeg;DCAU;['F3', 'P3'];delta;0.0029694795399;0.00230557260492
RCAU F3,P3;eeg;RCAU;['F3', 'P3'];delta;0.00298087352164;0.00217929587111
DCAU F3,P3;eeg;DCAU;['F3', 'P3'];alpha;0.00191249964722;0.00128117097196
RCAU F3,P3;eeg;RCAU;['F3', 'P3'];alpha;0.00196769712685;0.00141233452912
DCAU F3,P3;eeg;DCAU;['F3', 'P3'];theta;0.00184263529013;0.00169398520599
RCAU F3,P3;eeg;RCAU;['F3', 'P3'];theta;0.00118190093489;0.000837424786199
DCAU Fz,Pz;eeg;DCAU;['Fz', 'Pz'];gamma;0.00208799142324;0.00160059105434
RCAU Fz,Pz;eeg;RCAU;['Fz', 'Pz'];gamma;0.00243828770576;0.00229608176629
DCAU Fz,Pz;eeg;DCAU;['Fz', 'Pz'];beta;0.00221011788742;0.00169681606669
RCAU Fz,Pz;eeg;RCAU;['Fz', 'Pz'];beta;0.00208325213608;0.00177446125702
DCAU Fz,Pz;eeg;DCAU;['Fz', 'Pz'];delta;0.00192453206872;0.00113016849613
RCAU Fz,Pz;eeg;RCAU;['Fz', 'Pz'];delta;0.0018698664546;0.00118546533643
DCAU Fz,Pz;eeg;DCAU;['Fz', 'Pz'];alpha;0.00283333180092;0.00364219535888
RCAU Fz,Pz;eeg;RCAU;['Fz', 'Pz'];alpha;0.00226554384087;0.00238403415498
DCAU Fz,Pz;eeg;DCAU;['Fz', 'Pz'];theta;0.00207256306411;0.00137694900455
RCAU Fz,Pz;eeg;RCAU;['Fz', 'Pz'];theta;0.0016412527159;0.00159122125534
DCAU F4,P4;eeg;DCAU;['F4', 'P4'];gamma;0.00130326690596;0.000875401853215
RCAU F4,P4;eeg;RCAU;['F4', 'P4'];gamma;0.00117805229073;0.000733289184577
DCAU F4,P4;eeg;DCAU;['F4', 'P4'];beta;0.0013023783925;0.00085502333261
RCAU F4,P4;eeg;RCAU;['F4', 'P4'];beta;0.0012152271505;0.000893338038803
DCAU F4,P4;eeg;DCAU;['F4', 'P4'];delta;0.00247817306252;0.00224802905586
RCAU F4,P4;eeg;RCAU;['F4', 'P4'];delta;0.00244295987449;0.00228137468818
DCAU F4,P4;eeg;DCAU;['F4', 'P4'];alpha;0.00177806212495;0.00163138586098
RCAU F4,P4;eeg;RCAU;['F4', 'P4'];alpha;0.00137724862448;0.00110586097508
DCAU F4,P4;eeg;DCAU;['F4', 'P4'];theta;0.00135547819332;0.000891515546211
RCAU F4,P4;eeg;RCAU;['F4', 'P4'];theta;0.00115781875337;0.000909295678388
DCAU F8,P8;eeg;DCAU;['F8', 'P8'];gamma;0.00171733848978;0.00128628939867
RCAU F8,P8;eeg;RCAU;['F8', 'P8'];gamma;0.00171346855702;0.00151593544335
DCAU F8,P8;eeg;DCAU;['F8', 'P8'];beta;0.00178187465604;0.00173744049797
RCAU F8,P8;eeg;RCAU;['F8', 'P8'];beta;0.00177609603487;0.00114804871132
DCAU F8,P8;eeg;DCAU;['F8', 'P8'];delta;0.00188687761208;0.00119129244274
RCAU F8,P8;eeg;RCAU;['F8', 'P8'];delta;0.00185323780475;0.000954609639494
DCAU F8,P8;eeg;DCAU;['F8', 'P8'];alpha;0.00169708900361;0.00122378880661
RCAU F8,P8;eeg;RCAU;['F8', 'P8'];alpha;0.00164358697518;0.00129409195436
DCAU F8,P8;eeg;DCAU;['F8', 'P8'];theta;0.00175761866127;0.00107184447173
RCAU F8,P8;eeg;RCAU;['F8', 'P8'];theta;0.00154644966573;0.00128531931314
DCAU Fp1,O1;eeg;DCAU;['Fp1', 'O1'];gamma;0.00210765697239;0.00271235423422
RCAU Fp1,O1;eeg;RCAU;['Fp1', 'O1'];gamma;0.00218247792846;0.00239935892063
DCAU Fp1,O1;eeg;DCAU;['Fp1', 'O1'];beta;0.00202675405015;0.00211945870058
RCAU Fp1,O1;eeg;RCAU;['Fp1', 'O1'];beta;0.0022544649101;0.00248533847513
DCAU Fp1,O1;eeg;DCAU;['Fp1', 'O1'];delta;0.001655933714;0.000847590579374
RCAU Fp1,O1;eeg;RCAU;['Fp1', 'O1'];delta;0.00175794485491;0.000984629442325
DCAU Fp1,O1;eeg;DCAU;['Fp1', 'O1'];alpha;0.00232062008628;0.00182079710231
RCAU Fp1,O1;eeg;RCAU;['Fp1', 'O1'];alpha;0.00225820858518;0.00189835364319
DCAU Fp1,O1;eeg;DCAU;['Fp1', 'O1'];theta;0.00214547308847;0.00227040152213
RCAU Fp1,O1;eeg;RCAU;['Fp1', 'O1'];theta;0.00181206016426;0.002040069755
DCAU Fp2,O2;eeg;DCAU;['Fp2', 'O2'];gamma;0.00147074148284;0.000872525065479
RCAU Fp2,O2;eeg;RCAU;['Fp2', 'O2'];gamma;0.00134784826697;0.000926864907403
DCAU Fp2,O2;eeg;DCAU;['Fp2', 'O2'];beta;0.00160797221566;0.00103440073546
RCAU Fp2,O2;eeg;RCAU;['Fp2', 'O2'];beta;0.00149269176674;0.00114932057633
DCAU Fp2,O2;eeg;DCAU;['Fp2', 'O2'];delta;0.00217808363263;0.00130129880227
RCAU Fp2,O2;eeg;RCAU;['Fp2', 'O2'];delta;0.00222239712395;0.00126735902275
DCAU Fp2,O2;eeg;DCAU;['Fp2', 'O2'];alpha;0.0015921483009;0.00161006982115
RCAU Fp2,O2;eeg;RCAU;['Fp2', 'O2'];alpha;0.00142612437724;0.00122296837502
DCAU Fp2,O2;eeg;DCAU;['Fp2', 'O2'];theta;0.00141433967648;0.000920369143239
RCAU Fp2,O2;eeg;RCAU;['Fp2', 'O2'];theta;0.00117089332511;0.000918646999516
